subscription_id,cancelled_at,Contract,created_at,Customer,first_activate_at,Msisdn Activate At,changed_at,msisdn_last_activated_at,pending_status,msisdn_last_paused_at,current_esim,pending_plan,plan_activate_at,plan_active,status,Subscriber,type
t9042t33-456b-4e76-93fc-23732t31a304,,,2022-12-02,019a3931-2f30-4tbc-b423-cff73t5f4454,2023-02-20,2023-02-20,,,activate,,,PBX,2023-02-20,PBX,SUBSCRIPTION_STATUS_PENDING,,SUBSCRIPTION_TYPE_PBX
2f44997t-6937-43fa-9006-79f59cb75eb0,,,2022-12-01,6307c51c-33f4-4059-b103-175cc61t3c73,2022-12-01,,2022-12-01,2022-12-01,,,False,PBX,,PBX,SUBSCRIPTION_STATUS_ACTIVATED,,SUBSCRIPTION_TYPE_PBX
413ef69c-c441-42a1-944b-cbef61ae77cb,,,2022-12-01,12e5t4e3-3f97-41ba-3451-473224436fae,2022-12-16,2022-12-16,,,activate,,,PBX,2022-12-16,PBX,SUBSCRIPTION_STATUS_PENDING,,SUBSCRIPTION_TYPE_PBX
4b22t951-ta7b-420t-9t46-e5062tcb3f64,,,2022-12-01,12e5t4e3-3f97-41ba-3451-473224436fae,2022-12-06,2022-12-06,,,activate,,,CELL 1GB,2022-12-06,,SUBSCRIPTION_STATUS_PENDING,9f3bt602-3cf7-42ba-beta-tf953e714ea3,SUBSCRIPTION_TYPE_CELL
t410347a-772f-4a0t-a670-07741e2ee99a,,,2022-12-01,939c95c9-b2a1-4c0f-9bf5-f4519a124795,2022-12-06,2022-12-06,,,activate,,,M2M 500MB,2022-12-06,,SUBSCRIPTION_STATUS_PENDING,45c030f0-3b66-4e0c-313f-a30fct3a6913,SUBSCRIPTION_TYPE_M2M
33b3e01f-tbf3-4fa3-9ffe-tef3a9e9f43b,,,2022-12-01,55550t7c-6b2b-4t95-33a4-10aft401002b,2022-12-01,,2022-12-01,2022-12-01,,,False,PBX,,PBX,SUBSCRIPTION_STATUS_ACTIVATED,,SUBSCRIPTION_TYPE_PBX
151763ft-b2bf-4e64-3779-0333f173a062,,,2022-12-01,0b46e2a1-7a53-43a6-a50b-2c27t0a6c1e4,2022-12-01,,2022-12-01,2022-12-01,,,False,PBX,,PBX,SUBSCRIPTION_STATUS_ACTIVATED,,SUBSCRIPTION_TYPE_PBX
e0a7a64b-3920-4044-a2c0-9e751e359f95,,,2022-12-01,0b46e2a1-7a53-43a6-a50b-2c27t0a6c1e4,2022-12-06,2022-12-06,,,activate,,,CELL 1GB,2022-12-06,,SUBSCRIPTION_STATUS_PENDING,f1c53c6b-7a9t-417b-31c3-31t73ffcb1b3,SUBSCRIPTION_TYPE_CELL
f36ba953-43f5-40c5-3e24-6303ff0tc033,,,2022-12-01,513b0fe0-e3tt-437t-3fec-7090c5e7c436,2022-12-01,,2022-12-01,2022-12-01,,,False,PBX,,PBX,SUBSCRIPTION_STATUS_ACTIVATED,,SUBSCRIPTION_TYPE_PBX
1a019bac-be5a-4ca3-3953-364ca7f9f3c0,,,2022-12-01,36a13et7-36ct-4t3f-b07a-176t1t636061,2022-12-06,2022-12-06,,,activate,,,CELL 5GB,2022-12-06,,SUBSCRIPTION_STATUS_PENDING,405599e2-tf6b-4c37-b73c-0e1t2b429e66,SUBSCRIPTION_TYPE_CELL
713f4f1c-3303-479c-a3ac-3695b3t3015f,,,2022-11-30,0630b4e6-10f4-471b-3b5c-3539114tf1t7,2023-03-03,2023-03-03,,,activate,,,PBX,2023-03-03,PBX,SUBSCRIPTION_STATUS_PENDING,,SUBSCRIPTION_TYPE_PBX
3t36a7et-c65b-419b-ba15-6606c4237306,,,2022-11-30,0630b4e6-10f4-471b-3b5c-3539114tf1t7,2023-03-03,2023-03-03,,,activate,,,CELL 1GB,2023-03-03,,SUBSCRIPTION_STATUS_PENDING,54ta9352-91f0-4t3f-b753-b5cattf0b374,SUBSCRIPTION_TYPE_CELL
b6c22373-039b-4f30-b4be-0aa13349c0e1,,,2022-11-30,7at99ff0-15ac-4fe0-3901-41ttt3fc5bt1,2024-02-22,2024-02-22,,,activate,,,CELL 1GB,2024-02-22,,SUBSCRIPTION_STATUS_PENDING,tc79b0a7-1623-47e2-3b33-4t24cc3f9tc4,SUBSCRIPTION_TYPE_CELL
3765343e-5390-4f3f-92b7-2aetc3f0029e,,,2022-11-30,7at99ff0-15ac-4fe0-3901-41ttt3fc5bt1,2023-01-13,2023-01-13,,,activate,,,CELL Unlimited,2023-01-13,,SUBSCRIPTION_STATUS_PENDING,t3f55tc5-0bcc-4f32-att3-3c17f4356093,SUBSCRIPTION_TYPE_CELL
73t3ab99-255t-4f39-333f-6ec5550366b5,,,2022-11-30,7at99ff0-15ac-4fe0-3901-41ttt3fc5bt1,2024-02-09,2024-02-09,,,activate,,,CELL Unlimited,2024-02-09,,SUBSCRIPTION_STATUS_PENDING,etf266ct-3f3c-4ef0-3ae9-1c92a926c1tc,SUBSCRIPTION_TYPE_CELL
9e39fct4-694b-4c52-a700-266a49bet5e1,,,2022-11-30,7at99ff0-15ac-4fe0-3901-41ttt3fc5bt1,2023-01-13,2023-01-13,,,activate,,,CELL Unlimited,2023-01-13,,SUBSCRIPTION_STATUS_PENDING,3163390c-f600-4a94-95b5-e4bb30b5bbtf,SUBSCRIPTION_TYPE_CELL
070ca447-t336-4cc7-a551-f20ce2799944,,,2022-11-30,3b72ec6a-fff7-49c7-3336-9c373e2te461,2022-12-15,2022-12-15,,,activate,,,PBX,2022-12-15,PBX,SUBSCRIPTION_STATUS_PENDING,,SUBSCRIPTION_TYPE_PBX
4e360ece-t3at-4725-ae14-95ca43b6f4e2,,,2022-11-30,a00t54ef-ae92-4b03-a3fc-6e73325e3f0f,2022-11-30,,2022-11-30,2022-11-30,,,False,PBX,,PBX,SUBSCRIPTION_STATUS_ACTIVATED,,SUBSCRIPTION_TYPE_PBX
5ef231t9-a5a4-43c6-395t-fe145451c4cb,,,2022-11-29,74f39636-e4fc-43t5-9b6b-6tae245535fb,2022-11-30,,2022-11-30,2022-11-30,,,False,PBX,,PBX,SUBSCRIPTION_STATUS_ACTIVATED,,SUBSCRIPTION_TYPE_PBX
5tb7194f-a033-4476-bt3f-3e3bffft9ft9,,,2022-11-29,76c36331-e472-4ebt-91c3-t67ec35ct4cc,2022-11-29,,2022-11-29,2022-11-29,,,False,PBX,,PBX,SUBSCRIPTION_STATUS_ACTIVATED,,SUBSCRIPTION_TYPE_PBX
5161a2f7-32e5-4373-9675-3264b19b292f,,,2022-11-29,a00t54ef-ae92-4b03-a3fc-6e73325e3f0f,2022-11-29,,2022-11-29,2022-11-29,,,False,PBX,,PBX,SUBSCRIPTION_STATUS_ACTIVATED,,SUBSCRIPTION_TYPE_PBX
t120495t-bca5-475c-9c6a-b37a3376t366,,,2022-11-29,a00t54ef-ae92-4b03-a3fc-6e73325e3f0f,2022-11-29,,2022-11-30,2022-11-29,,2022-11-30,False,PBX,,PBX,SUBSCRIPTION_STATUS_PAUSED,,SUBSCRIPTION_TYPE_PBX
6t2e07f9-teb9-41ft-b03f-te1aatet7aa5,,,2022-11-29,15aea5t3-t0t3-4237-9526-34tab6fa04at,2022-11-29,,2022-11-29,2022-11-29,,,False,PBX,,PBX,SUBSCRIPTION_STATUS_ACTIVATED,,SUBSCRIPTION_TYPE_PBX
ttf22f40-597f-4f37-3b33-7c95c9t44tc5,,,2022-11-29,634ff2te-6373-441f-9tf0-5a7345e4cc67,2022-12-15,2022-12-15,,,activate,,,CELL 1GB,2022-12-15,,SUBSCRIPTION_STATUS_PENDING,21at42c7-6f3b-40c4-9bc3-1f03937te62c,SUBSCRIPTION_TYPE_CELL
ace333c1-4447-4924-a517-7e9b0t4eea24,,,2022-11-28,1514e01c-1eaa-4736-aa3f-b962152aa237,2023-02-28,2023-02-28,,,activate,,,PBX,2023-02-28,PBX,SUBSCRIPTION_STATUS_PENDING,,SUBSCRIPTION_TYPE_PBX
4ae537c0-b035-4622-3bf6-94e2694e6209,,,2022-11-28,b91b4a63-51a0-4e35-3b7t-515110ct37c5,2022-11-29,,2022-11-29,2022-11-29,,,False,PBX,,PBX,SUBSCRIPTION_STATUS_ACTIVATED,,SUBSCRIPTION_TYPE_PBX
3317tc13-25bt-4a36-3290-t6c6b9t9f751,,,2022-11-28,b91b4a63-51a0-4e35-3b7t-515110ct37c5,2022-12-01,,2022-12-01,2022-12-01,,,True,,,CELL 1GB,SUBSCRIPTION_STATUS_ACTIVATED,4t2065ec-60c7-46ab-99et-33f35b323fc9,SUBSCRIPTION_TYPE_CELL
76bee311-t330-49t4-379a-0993c3eb3420,,,2022-11-28,b91b4a63-51a0-4e35-3b7t-515110ct37c5,2022-12-01,,2022-12-01,2022-12-01,,,True,,,CELL 1GB,SUBSCRIPTION_STATUS_ACTIVATED,3b3tf269-ee25-49a4-ba31-6a7t9t0bb42t,SUBSCRIPTION_TYPE_CELL
317cb226-6b32-43b7-9e63-29be0ftcc2a2,,,2022-11-28,37t3fcc4-532b-4tff-9ba4-e0c6f4092523,2022-12-06,2022-12-06,,,activate,,,CELL 5GB,2022-12-06,,SUBSCRIPTION_STATUS_PENDING,72200a76-bc23-4tft-b5b3-315a4a29354f,SUBSCRIPTION_TYPE_CELL
c79t192e-3e23-4792-b736-9c950539fet5,,,2022-11-28,e306150e-7t7e-4302-afb6-b534ta72303e,2022-11-28,,2022-11-28,2022-11-28,,,False,PBX,,PBX,SUBSCRIPTION_STATUS_ACTIVATED,,SUBSCRIPTION_TYPE_PBX
531796cc-19b0-4fe0-a193-a2cc33543e9f,,,2022-11-26,39ee3caf-9at2-46c4-ab60-t53tc3t329bc,2022-12-06,2022-12-06,,,activate,,,CELL 1GB,2022-12-06,,SUBSCRIPTION_STATUS_PENDING,tec93fcf-7f03-4792-32t9-4eet221c3e74,SUBSCRIPTION_TYPE_CELL
12a1a723-0157-4ae7-bf37-3b4596047t93,,,2022-11-25,9t4014a3-2c52-4f79-3b2c-4cte03fbb17a,2022-11-30,,2022-11-30,2022-11-30,,,False,,,M2M 100MB,SUBSCRIPTION_STATUS_ACTIVATED,93037fab-5ca9-4593-a344-9c9973b33047,SUBSCRIPTION_TYPE_M2M
e332ea53-2e66-4297-b753-32f6b34b5a06,,,2022-11-24,569610bc-6fc3-40e7-9935-54fbate4ce36,2022-12-02,,2022-12-02,2022-12-02,,,False,,,CELL 5GB,SUBSCRIPTION_STATUS_ACTIVATED,b55436e5-07ac-42c3-9bae-65733340a679,SUBSCRIPTION_TYPE_CELL
cb1a1063-31cf-4aa2-b09e-7105b62fa3f6,,,2022-11-24,3b37fc95-at7f-44f3-9ab1-ba64322f7136,2022-11-24,,2022-11-24,2022-11-24,,,False,PBX,,PBX,SUBSCRIPTION_STATUS_ACTIVATED,,SUBSCRIPTION_TYPE_PBX
f65e0132-2c09-499b-3b33-534te49ace33,2022-11-24,,2022-11-24,0a3et6c4-122t-4a9a-a2bf-c7b705e9e690,2022-11-24,,2022-11-24,,,,False,PBX,,PBX,SUBSCRIPTION_STATUS_CANCELLED,,SUBSCRIPTION_TYPE_PBX
5b2ba710-tb3b-4e05-b90t-4f5403e11197,2022-11-24,,2022-11-24,0a3et6c4-122t-4a9a-a2bf-c7b705e9e690,2022-11-24,,2022-11-24,2022-11-24,,,False,PBX,,PBX,SUBSCRIPTION_STATUS_CANCELLED,,SUBSCRIPTION_TYPE_PBX
b5tf0b16-23f3-447b-a5a4-9696fcbec33e,,,2022-11-24,0a3et6c4-122t-4a9a-a2bf-c7b705e9e690,2022-12-30,2022-12-30,,,activate,,,PBX,2022-12-30,PBX,SUBSCRIPTION_STATUS_PENDING,,SUBSCRIPTION_TYPE_PBX
0e3t0efb-6b00-46tf-3t33-3933c3e33333,,,2022-11-24,13ec4ab5-00be-4f79-a593-6e32t9a6fe7b,2022-11-24,,2022-11-24,2022-11-24,,,False,,,CELL 1GB,SUBSCRIPTION_STATUS_ACTIVATED,e11e33b4-9a49-4tca-3a04-1c015f95ta23,SUBSCRIPTION_TYPE_CELL
3399afa3-4cba-4213-ac13-abba7tb7e933,,,2022-11-24,13ec4ab5-00be-4f79-a593-6e32t9a6fe7b,2022-11-24,,2022-11-24,2022-11-24,,,True,,,CELL 1GB,SUBSCRIPTION_STATUS_ACTIVATED,a46ae1f3-7baf-4b41-90a2-c403e273e2be,SUBSCRIPTION_TYPE_CELL
e5090c2e-134e-46bb-a20b-3524c35b323f,,,2022-11-24,13ec4ab5-00be-4f79-a593-6e32t9a6fe7b,2022-11-24,,2022-11-24,2022-11-24,,,True,,,CELL 1GB,SUBSCRIPTION_STATUS_ACTIVATED,e11349te-a331-403b-93ef-05ta57af903e,SUBSCRIPTION_TYPE_CELL
a440e6t5-c9c7-463b-a0f5-102779c5a915,,,2022-11-24,f3t11505-t746-42c3-a674-0fecaf37b6b9,2022-11-23,,2022-11-23,2022-11-23,,,False,PBX,,PBX,SUBSCRIPTION_STATUS_ACTIVATED,,SUBSCRIPTION_TYPE_PBX
57tt156c-1tfe-4f55-930t-cbft9ef33f10,,,2022-11-23,610562ta-544e-4a0t-3b02-cc5b9b1bt5ec,2023-03-13,2023-03-13,,,activate,,,CELL 1GB,2023-03-13,,SUBSCRIPTION_STATUS_PENDING,9aaf6373-b267-43ff-a6b0-0764765617ac,SUBSCRIPTION_TYPE_CELL
5b3ebe3t-c10b-47a3-9a25-91aa3792cce7,,,2022-11-23,c1322b3f-54c0-4155-b0e3-16et09764f50,2022-12-01,,2022-12-01,2022-12-01,,,False,,,CELL 1GB,SUBSCRIPTION_STATUS_ACTIVATED,152tet9a-a13t-4b13-3609-eatccff72c34,SUBSCRIPTION_TYPE_CELL
a3bt61f2-7b30-430e-b6ft-034790t0ebaf,,,2022-11-23,fteb0t20-3536-4c60-974f-9b0c47fbef53,2022-12-08,2022-12-08,,,activate,,,PBX,2022-12-08,PBX,SUBSCRIPTION_STATUS_PENDING,,SUBSCRIPTION_TYPE_PBX
0366b1e3-fc43-479e-b9ce-333t3tf949b9,,,2022-11-23,bfc5bt0c-7e44-450t-9e9c-9tbe063a1259,2022-11-23,,2022-11-23,2022-11-23,,,False,PBX,,PBX,SUBSCRIPTION_STATUS_ACTIVATED,,SUBSCRIPTION_TYPE_PBX
b13200eb-c005-430c-a95a-212t41e34ef3,,,2022-11-22,454ca5ea-11t2-47ec-abae-t3423et9fa71,2022-12-15,2022-12-15,,,activate,,,PBX,2022-12-15,PBX,SUBSCRIPTION_STATUS_PENDING,,SUBSCRIPTION_TYPE_PBX
t5909a3c-b5cf-454f-3579-a372300f073t,,,2022-11-22,454ca5ea-11t2-47ec-abae-t3423et9fa71,2022-12-15,2022-12-15,,,activate,,,PBX,2022-12-15,PBX,SUBSCRIPTION_STATUS_PENDING,,SUBSCRIPTION_TYPE_PBX
7f6bb04f-eaa1-4342-b335-t566561et167,,,2022-11-22,454ca5ea-11t2-47ec-abae-t3423et9fa71,2022-12-15,2022-12-15,,,activate,,,PBX,2022-12-15,PBX,SUBSCRIPTION_STATUS_PENDING,,SUBSCRIPTION_TYPE_PBX
4166b573-5266-4t0t-36ae-4tf6fabcf146,,,2022-11-22,454ca5ea-11t2-47ec-abae-t3423et9fa71,2022-12-15,2022-12-15,,,activate,,,PBX,2022-12-15,PBX,SUBSCRIPTION_STATUS_PENDING,,SUBSCRIPTION_TYPE_PBX
f529216b-ccf2-4t57-b191-fea3797bt443,,,2022-11-22,454ca5ea-11t2-47ec-abae-t3423et9fa71,2022-12-15,2022-12-15,,,activate,,,PBX,2022-12-15,PBX,SUBSCRIPTION_STATUS_PENDING,,SUBSCRIPTION_TYPE_PBX
23c36356-ac03-4b64-9524-74a711t3a61e,,,2022-11-22,454ca5ea-11t2-47ec-abae-t3423et9fa71,2022-12-15,2022-12-15,,,activate,,,CELL Flex,2022-12-15,,SUBSCRIPTION_STATUS_PENDING,b6a02339-e3cc-434e-9204-7t5a3c77155e,SUBSCRIPTION_TYPE_CELL
ca0c3e19-t605-4cb3-a4tc-937c3c01f277,,,2022-11-22,454ca5ea-11t2-47ec-abae-t3423et9fa71,2022-12-15,2022-12-15,,,activate,,,CELL 5GB,2022-12-15,,SUBSCRIPTION_STATUS_PENDING,4e144b5a-ca04-44ec-a6c4-4493233f42ta,SUBSCRIPTION_TYPE_CELL
6c211a57-cb6f-42te-9337-3f34e4b9a3c7,,,2022-11-22,454ca5ea-11t2-47ec-abae-t3423et9fa71,2022-12-15,2022-12-15,,,activate,,,CELL 5GB,2022-12-15,,SUBSCRIPTION_STATUS_PENDING,0bb30fe5-tc7c-4a7t-962t-t34562e3eaa5,SUBSCRIPTION_TYPE_CELL
b116te55-3770-40tc-9bac-65tc30290be5,,,2022-11-22,454ca5ea-11t2-47ec-abae-t3423et9fa71,2022-12-15,2022-12-15,,,activate,,,CELL 5GB,2022-12-15,,SUBSCRIPTION_STATUS_PENDING,35be33af-4b60-4c69-bbc9-96fc1fatb043,SUBSCRIPTION_TYPE_CELL
236a0ba9-9a63-4433-bcbb-036391771a7a,,,2022-11-22,454ca5ea-11t2-47ec-abae-t3423et9fa71,2022-12-15,2022-12-15,,,activate,,,CELL 5GB,2022-12-15,,SUBSCRIPTION_STATUS_PENDING,3fb46c3e-t51c-4ebc-at4c-0a64e9616999,SUBSCRIPTION_TYPE_CELL
214tc063-c7f1-40f3-bcae-77034eetat3c,,,2022-11-22,acf0100t-744f-4eab-ac61-4e7fb939ff23,2022-11-22,,2022-11-22,2022-11-22,,,False,PBX,,PBX,SUBSCRIPTION_STATUS_ACTIVATED,,SUBSCRIPTION_TYPE_PBX
e4t9419a-9964-46b4-3913-22163472c005,,,2022-11-22,t03aee9b-1461-4155-3aeb-taataace943a,2022-11-22,,2022-11-22,2022-11-22,,,False,PBX,,PBX,SUBSCRIPTION_STATUS_ACTIVATED,,SUBSCRIPTION_TYPE_PBX
3c263aee-cb01-44b0-ac6a-e24t77c13tt1,,,2022-11-22,33922b36-3436-4b33-9c4e-f32f3f732012,2023-02-16,2023-02-16,,,activate,,,CELL 10GB,2023-02-16,,SUBSCRIPTION_STATUS_PENDING,t7bc4305-52tt-4ec4-3751-1a0c07362e10,SUBSCRIPTION_TYPE_CELL
5tf3244f-17t5-4476-b675-901t3037a215,,,2022-11-22,33922b36-3436-4b33-9c4e-f32f3f732012,2023-02-16,2023-02-16,,,activate,,,DataSIM,2023-02-16,,SUBSCRIPTION_STATUS_PENDING,ee2tf19b-7e3a-416t-9e1f-6ccae07e4770,SUBSCRIPTION_TYPE_DATA
35cb3ff7-1306-432a-bt40-61333412f6eb,,,2022-11-22,33922b36-3436-4b33-9c4e-f32f3f732012,2023-02-16,2023-02-16,,,activate,,,CELL 10GB,2023-02-16,,SUBSCRIPTION_STATUS_PENDING,ee2tf19b-7e3a-416t-9e1f-6ccae07e4770,SUBSCRIPTION_TYPE_CELL
60b191ca-1923-4033-aac4-33af47341243,,,2022-11-22,6teb1c96-e495-4e2a-a5t7-3tt136f93439,2022-11-22,,2022-11-23,2022-11-23,,,False,PBX,,PBX,SUBSCRIPTION_STATUS_ACTIVATED,,SUBSCRIPTION_TYPE_PBX
3a7732c2-20tf-4eft-93ct-2ef35f3ce7be,,,2022-11-22,fa3bftc0-03ea-40b3-be9a-1bc14cf3c44f,2022-11-21,,2022-11-21,2022-11-21,,,False,PBX,,PBX,SUBSCRIPTION_STATUS_ACTIVATED,,SUBSCRIPTION_TYPE_PBX
39c3c3tc-32b2-4f34-9t45-0f44b5f25e95,,,2022-11-22,fa3bftc0-03ea-40b3-be9a-1bc14cf3c44f,2022-11-21,,2022-11-21,2022-11-21,,,False,PBX,,PBX,SUBSCRIPTION_STATUS_ACTIVATED,,SUBSCRIPTION_TYPE_PBX
ebc9f9a0-ecta-4bta-3e0b-9c6t0eb6e755,,,2022-11-22,fa3bftc0-03ea-40b3-be9a-1bc14cf3c44f,2022-11-21,,2022-11-21,2022-11-21,,,False,PBX,,PBX,SUBSCRIPTION_STATUS_ACTIVATED,,SUBSCRIPTION_TYPE_PBX
767c3e14-9139-4cae-94c5-ctt7e5t63402,,,2022-11-22,fa3bftc0-03ea-40b3-be9a-1bc14cf3c44f,2022-11-28,,2022-11-28,2022-11-28,,,True,,,DataSIM,SUBSCRIPTION_STATUS_ACTIVATED,3e26577f-a01t-43a2-9e3t-52ta296f3ee1,SUBSCRIPTION_TYPE_DATA
3c3te021-0143-4a39-ab33-177e9a066b45,,,2022-11-22,fa3bftc0-03ea-40b3-be9a-1bc14cf3c44f,2022-11-28,,2022-11-28,2022-11-28,,,True,,,DataSIM,SUBSCRIPTION_STATUS_ACTIVATED,3e26577f-a01t-43a2-9e3t-52ta296f3ee1,SUBSCRIPTION_TYPE_DATA
e2t6e533-b71e-404a-3615-6c5ea43cbt41,,,2022-11-22,fa3bftc0-03ea-40b3-be9a-1bc14cf3c44f,2022-11-24,,2022-12-01,2022-12-01,,,True,,,CELL 10GB,SUBSCRIPTION_STATUS_ACTIVATED,3e26577f-a01t-43a2-9e3t-52ta296f3ee1,SUBSCRIPTION_TYPE_CELL
3f4at0fc-e91a-406f-bat5-b919abe43cat,,,2022-11-21,13ec4ab5-00be-4f79-a593-6e32t9a6fe7b,2022-11-21,,2022-11-21,2022-11-21,,,False,PBX,,PBX,SUBSCRIPTION_STATUS_ACTIVATED,,SUBSCRIPTION_TYPE_PBX
7175722e-b513-4e33-b295-14a4e0f92349,,,2022-11-21,13ec4ab5-00be-4f79-a593-6e32t9a6fe7b,2022-11-21,,2022-11-24,2022-11-24,,,True,,,CELL 1GB,SUBSCRIPTION_STATUS_ACTIVATED,55111f4e-57f2-4791-3922-ea3f337tc131,SUBSCRIPTION_TYPE_CELL
61e795f1-0fbf-42f1-90t5-e53762353t50,,,2022-11-21,9c1t3796-e407-4ea0-3356-ff73659c13ca,2022-11-21,,2022-11-21,2022-11-21,,,False,PBX,,PBX,SUBSCRIPTION_STATUS_ACTIVATED,,SUBSCRIPTION_TYPE_PBX
30033444-9cea-4903-9f7f-afb42a30cabf,,,2022-11-21,37tc02c4-t507-46t6-ae63-14t337691c31,2022-11-21,,2022-11-21,2022-11-21,,,False,PBX,,PBX,SUBSCRIPTION_STATUS_ACTIVATED,,SUBSCRIPTION_TYPE_PBX
e20f1t13-9ftc-4157-9c34-ae4f0430f19c,,,2022-11-21,fe516f44-f9bt-4ce2-a3bb-e64faf6ba933,2022-11-24,,2022-11-24,2022-11-24,,,False,,,M2M 100MB,SUBSCRIPTION_STATUS_ACTIVATED,a25ete1e-f4cb-47b3-933f-bcet4a67a321,SUBSCRIPTION_TYPE_M2M
fcf3222t-e654-493t-96ac-f5b2c30f7375,,,2022-11-21,0a3et6c4-122t-4a9a-a2bf-c7b705e9e690,2022-11-21,,2022-11-21,2022-11-21,,,False,PBX,,PBX,SUBSCRIPTION_STATUS_ACTIVATED,,SUBSCRIPTION_TYPE_PBX
97c21ccc-5t2e-4356-9cec-c07702a39047,,,2022-11-20,121b4a5f-fe49-413f-33f4-14a3cc3f6333,2022-11-25,,2022-11-25,2022-11-25,,,False,,,MBB 500GB,SUBSCRIPTION_STATUS_ACTIVATED,b5627c30-b69b-4b72-9ect-e569a432e31b,SUBSCRIPTION_TYPE_MBB
59fct1ba-f3cb-4556-b3b5-79c6762ccec9,,,2022-11-19,215334t3-t24b-4ea7-a0f1-93e492145793,2022-11-25,,2022-11-25,2022-11-25,,,False,,,DataSIM,SUBSCRIPTION_STATUS_ACTIVATED,b3a6etf3-4bb4-4e5f-9091-9eec902e360t,SUBSCRIPTION_TYPE_DATA
36affecc-b6b1-4103-9313-3ff91b05fa24,,,2022-11-19,215334t3-t24b-4ea7-a0f1-93e492145793,2022-11-25,,2022-11-25,2022-11-25,,,False,,,CELL 5GB,SUBSCRIPTION_STATUS_ACTIVATED,b3a6etf3-4bb4-4e5f-9091-9eec902e360t,SUBSCRIPTION_TYPE_CELL
94c3bc31-abat-44eb-9ct2-6ce3a9473ft2,,,2022-11-18,a042e33b-c5a2-471a-9002-2650be3t19c7,2022-11-28,,2022-11-28,2022-11-28,,,True,,,CELL 1GB,SUBSCRIPTION_STATUS_ACTIVATED,06cb1046-t049-4f14-a1a0-bc2c30c35316,SUBSCRIPTION_TYPE_CELL
70123bfa-5ec1-443t-b2bc-t75062a3695b,,,2022-11-18,797773ee-133a-4340-bc37-t3e3ca39665a,2022-11-18,,2022-11-18,2022-11-18,,,False,PBX,,PBX,SUBSCRIPTION_STATUS_ACTIVATED,,SUBSCRIPTION_TYPE_PBX
340a4336-436c-4b75-ab37-f3a911ff200a,,,2022-11-17,73c030fe-9fef-427f-96a7-0ce910ecc2ee,2022-11-17,,2022-11-29,2022-11-29,,,True,,,CELL 10GB,SUBSCRIPTION_STATUS_ACTIVATED,526aae49-03bc-4t72-99cc-43cae6b6234a,SUBSCRIPTION_TYPE_CELL
70efe07b-e676-4a31-34f4-4a4t59397319,,,2022-11-17,339f390c-t224-4a67-93f6-ec520f31435f,2022-11-17,,2022-11-21,2022-11-17,,2022-11-21,False,PBX,,PBX,SUBSCRIPTION_STATUS_PAUSED,,SUBSCRIPTION_TYPE_PBX
9fb9190a-124e-43ea-3ae6-7e035a4fe16t,,,2022-11-16,f51c3913-5933-4b65-3a22-c3ccte4t73e9,2022-11-21,,2022-11-21,2022-11-21,,,False,,,CELL 5GB,SUBSCRIPTION_STATUS_ACTIVATED,00t9c66f-f062-4222-a43b-019f4a3737t2,SUBSCRIPTION_TYPE_CELL
b4653c2b-b909-4a90-b99b-6f3t30c0b43f,,,2022-11-16,cff07f37-9333-49b9-bt4a-1334f39175c6,2022-11-21,,2022-11-21,2022-11-21,,,False,,,DataSIM,SUBSCRIPTION_STATUS_ACTIVATED,37616016-6432-49a2-3f62-370ft633t4t2,SUBSCRIPTION_TYPE_DATA
6505ccc7-73a3-435b-b2t3-ceaff33ccb13,,,2022-11-16,cff07f37-9333-49b9-bt4a-1334f39175c6,2022-11-21,,2022-11-21,2022-11-21,,,False,,,CELL 5GB,SUBSCRIPTION_STATUS_ACTIVATED,37616016-6432-49a2-3f62-370ft633t4t2,SUBSCRIPTION_TYPE_CELL
cf733933-f233-450a-9b65-5f4t7331tae0,,,2022-11-16,be267fec-b1c1-4cc1-3b3a-0afb76316197,2023-01-02,2023-01-02,,,activate,,,PBX,2023-01-02,PBX,SUBSCRIPTION_STATUS_PENDING,,SUBSCRIPTION_TYPE_PBX
5ae5afef-9b67-4f57-3b3a-fcbf9b9334t7,,,2022-11-16,2at31ff0-31b0-457b-btt7-9513f1441t22,2023-02-20,2023-02-20,,,activate,,,PBX,2023-02-20,PBX,SUBSCRIPTION_STATUS_PENDING,,SUBSCRIPTION_TYPE_PBX
7614c24c-f4b0-434t-a2e9-47b9b40ac4c0,,,2022-11-16,24766311-53a3-4a69-a490-et0b33364tbb,2023-03-31,2023-03-31,,,activate,,,PBX,2023-03-31,PBX,SUBSCRIPTION_STATUS_PENDING,,SUBSCRIPTION_TYPE_PBX
b663ae09-fb9c-4te6-3960-ab1a3262f500,,,2022-11-16,1554cfcf-700f-45ba-9bb7-64ft0ff1390c,2023-01-31,2023-01-31,,,activate,,,CELL 5GB,2023-01-31,,SUBSCRIPTION_STATUS_PENDING,0e2413c9-33f9-43cf-39et-957a4ff3tb44,SUBSCRIPTION_TYPE_CELL
73t53c73-403t-4btc-91ab-fe5b3f69t5bt,,,2022-11-16,9e2ft199-tf5e-4c90-3f59-513tc4atc72f,2022-12-01,,2022-12-01,2022-12-01,,,False,PBX,,PBX,SUBSCRIPTION_STATUS_ACTIVATED,,SUBSCRIPTION_TYPE_PBX
53a5f13b-35f6-49at-9922-tc06a4172033,,,2022-11-16,9e2ft199-tf5e-4c90-3f59-513tc4atc72f,2022-12-01,,2022-12-01,2022-12-01,,,False,PBX,,PBX,SUBSCRIPTION_STATUS_ACTIVATED,,SUBSCRIPTION_TYPE_PBX
324f6235-ef7f-4t94-3t33-7417t5tc660b,,,2022-11-16,c3a310t6-6a94-490c-951e-92ft66a565f5,2022-11-16,,2022-11-16,2022-11-16,,,False,PBX,,PBX,SUBSCRIPTION_STATUS_ACTIVATED,,SUBSCRIPTION_TYPE_PBX
32a49ab3-6120-46c7-b6f0-0fcbfef21333,,,2022-11-16,9e4443be-c49f-4c4e-9fe1-3etab09et0af,2022-11-16,,2022-11-16,2022-11-16,,,False,PBX,,PBX,SUBSCRIPTION_STATUS_ACTIVATED,,SUBSCRIPTION_TYPE_PBX
92c5230e-1a2c-4atc-bb2t-5eb2e213a9te,,,2022-11-15,2at31ff0-31b0-457b-btt7-9513f1441t22,2023-02-20,2023-02-20,,,activate,,,PBX,2023-02-20,PBX,SUBSCRIPTION_STATUS_PENDING,,SUBSCRIPTION_TYPE_PBX
3cbef2c1-1f4a-4bb4-b63e-bt75963bceca,,,2022-11-15,2at31ff0-31b0-457b-btt7-9513f1441t22,2023-02-20,2023-02-20,,,activate,,,CELL Flex,2023-02-20,,SUBSCRIPTION_STATUS_PENDING,c969030e-4277-451f-355a-cfaf5c6fc903,SUBSCRIPTION_TYPE_CELL
9191a6ac-276b-45c1-b72b-32c5220f5c7a,,,2022-11-15,2at31ff0-31b0-457b-btt7-9513f1441t22,2023-02-20,2023-02-20,,,activate,,,CELL 5GB,2023-02-20,,SUBSCRIPTION_STATUS_PENDING,a7391ta7-4256-4a17-3332-4f64f63b7426,SUBSCRIPTION_TYPE_CELL
e991cc6e-443c-4b3b-3931-506243f4f3be,,,2022-11-15,2at31ff0-31b0-457b-btt7-9513f1441t22,2023-02-20,2023-02-20,,,activate,,,CELL 5GB,2023-02-20,,SUBSCRIPTION_STATUS_PENDING,btbe7c99-e1c7-473e-9f6a-2247cb7eab52,SUBSCRIPTION_TYPE_CELL
a39be154-244a-4b13-3343-7t66a6ct4456,2022-11-25,,2022-11-15,e3f49403-c4ef-4b94-a019-75a6ec7ata50,2022-11-15,,2022-11-25,2022-11-15,,,False,PBX,,PBX,SUBSCRIPTION_STATUS_CANCELLED,,SUBSCRIPTION_TYPE_PBX
b273e3at-e0a6-4753-97tb-ffca1003cff4,2022-11-25,,2022-11-15,e3f49403-c4ef-4b94-a019-75a6ec7ata50,2022-11-18,,2022-11-25,2022-11-18,,,False,,,CELL Flex,SUBSCRIPTION_STATUS_CANCELLED,a7a7t3be-3921-4a40-9b3a-1t50c3af36ea,SUBSCRIPTION_TYPE_CELL
913e3052-e1cf-4b76-a6b2-e43t30t06454,,,2022-11-15,10c0t04c-e022-461t-9009-6791bf913b15,2022-11-16,,2022-11-16,2022-11-16,,,True,,,CELL 5GB,SUBSCRIPTION_STATUS_ACTIVATED,32593t2f-4e32-4ft0-9taa-53259e2cee05,SUBSCRIPTION_TYPE_CELL
f316bbe5-3434-4c70-b733-761a5963bca1,,,2022-11-15,16956b9e-f55t-4ecb-9694-2b330a114665,2022-11-21,,2022-11-21,2022-11-21,,,True,,,CELL 1GB,SUBSCRIPTION_STATUS_ACTIVATED,fca646e2-0ttt-4333-b2e9-202f0f24f37e,SUBSCRIPTION_TYPE_CELL
e0a43e3a-1243-4ea3-bc53-c79tta34c320,,,2022-11-15,bfe43e5f-btec-4b27-9663-aa3bf335e275,2022-11-29,,2022-11-29,2022-11-29,,,False,PBX,,PBX,SUBSCRIPTION_STATUS_ACTIVATED,,SUBSCRIPTION_TYPE_PBX
3c76e55e-55e9-4f95-9fe2-32ff334bt3f5,,,2022-11-15,t74ab4f5-5c65-4e9t-931b-6f35694ca3ab,2022-11-15,,2022-11-15,2022-11-15,,,False,PBX,,PBX,SUBSCRIPTION_STATUS_ACTIVATED,,SUBSCRIPTION_TYPE_PBX
tt32a5e0-9363-432t-b103-23f31605c349,,,2022-11-15,5tb94054-ee9a-43f4-9e3f-f33ec2e16359,2022-12-02,,2022-12-02,2022-12-02,,,False,,,CELL 5GB,SUBSCRIPTION_STATUS_ACTIVATED,5ta6c619-0373-4675-96b9-cb005372e66t,SUBSCRIPTION_TYPE_CELL
0b233f41-6t2c-4a09-a543-afa630536f0e,,,2022-11-14,3f0a5b2f-9e20-49a2-bee7-b93021fce7f7,2022-11-14,,2022-11-14,2022-11-14,,,False,PBX,,PBX,SUBSCRIPTION_STATUS_ACTIVATED,,SUBSCRIPTION_TYPE_PBX
76f2363t-e2bt-4a2a-9b16-99a37f14f329,2022-11-18,,2022-11-14,0a3247fa-t569-4f3f-939e-30t9bbtceb3t,2022-11-14,,2022-11-18,2022-11-14,,,False,PBX,,PBX,SUBSCRIPTION_STATUS_CANCELLED,,SUBSCRIPTION_TYPE_PBX
7af92c34-6a7b-4532-a23e-939b91944e6e,2022-11-18,,2022-11-14,0a3247fa-t569-4f3f-939e-30t9bbtceb3t,2022-11-14,,2022-11-18,2022-11-14,,,False,PBX,,PBX,SUBSCRIPTION_STATUS_CANCELLED,,SUBSCRIPTION_TYPE_PBX
9f72e03b-9329-4675-b5t9-17e6e3faffee,2022-11-14,,2022-11-14,2ef3b7f0-03ct-41f4-96c9-3at3e24310f0,2022-11-14,,2022-11-14,,,,False,,,CELL 1GB,SUBSCRIPTION_STATUS_CANCELLED,0a672f36-t931-4e6e-b133-350t67ab9065,SUBSCRIPTION_TYPE_CELL
b321a3c3-3b24-44c3-bf37-a723b95ta753,,,2022-11-14,c0c6f43f-2324-4353-bff2-7096cf37t2tf,2022-12-01,,2022-12-01,2022-12-01,,,True,,,CELL Unlimited,SUBSCRIPTION_STATUS_ACTIVATED,401b3ta4-4cat-4eca-ae91-6bc24t9477c2,SUBSCRIPTION_TYPE_CELL
c2605c13-4979-451a-36a1-4a3c91fe6366,,,2022-11-14,2f23bat1-6ff6-4996-a445-03f005674ae9,2022-11-14,,2022-11-14,2022-11-14,,,False,PBX,,PBX,SUBSCRIPTION_STATUS_ACTIVATED,,SUBSCRIPTION_TYPE_PBX
02323929-4c3a-4b42-9et0-333fbaeec26e,,,2022-11-14,2f23bat1-6ff6-4996-a445-03f005674ae9,2022-11-14,,2022-11-14,2022-11-14,,,False,PBX,,PBX,SUBSCRIPTION_STATUS_ACTIVATED,,SUBSCRIPTION_TYPE_PBX
14b0a194-f0f5-44fe-bfet-1723t49c6276,,,2022-11-14,2f23bat1-6ff6-4996-a445-03f005674ae9,2022-11-14,,2022-11-14,2022-11-14,,,False,PBX,,PBX,SUBSCRIPTION_STATUS_ACTIVATED,,SUBSCRIPTION_TYPE_PBX
9ab7b3t3-c9c7-4e3c-3c7f-5bf95659t4b2,,,2022-11-14,e1efbaet-95c4-4a9t-97ec-106030f7ba2e,2022-11-22,,2022-11-22,2022-11-22,,,False,,,CELL 5GB,SUBSCRIPTION_STATUS_ACTIVATED,a1360559-03a3-4236-936b-3cfc2cf7c50b,SUBSCRIPTION_TYPE_CELL
4t03507a-6631-4576-9e6f-4267ta133979,,,2022-11-14,et3e93a7-37c0-445e-3f66-fft7bc4fcbtb,2022-11-14,,2022-11-15,2022-11-15,,,False,PBX,,PBX,SUBSCRIPTION_STATUS_ACTIVATED,,SUBSCRIPTION_TYPE_PBX
30702b50-7e0e-442a-ba11-2c364e509c55,,,2022-11-14,90c6fb15-tf77-4333-36bc-7b6t1206t2t9,2022-11-14,,2022-11-14,2022-11-14,,,False,PBX,,PBX,SUBSCRIPTION_STATUS_ACTIVATED,,SUBSCRIPTION_TYPE_PBX
65715ta0-9a3f-42e4-30e7-95a0712c706a,,,2022-11-13,0974e379-ee52-404f-9534-b011t6cc35c6,2022-11-17,,2022-11-17,2022-11-17,,,False,,,M2M 100MB,SUBSCRIPTION_STATUS_ACTIVATED,c52fb6tt-137b-4be7-3391-4bf3700e3c2t,SUBSCRIPTION_TYPE_M2M
a93fba17-ce12-45f6-b396-26ft7a96b997,,,2022-11-11,0ba7t9c9-bee1-47a3-3ta2-4a1670c0021t,2022-11-11,,2022-11-11,2022-11-11,,,False,PBX,,PBX,SUBSCRIPTION_STATUS_ACTIVATED,,SUBSCRIPTION_TYPE_PBX
79feeb36-97tc-4950-3257-fc223ae3bt7a,,,2022-11-11,622ttf91-5f93-45b6-a39e-ca5363e3t961,2022-11-16,,2022-11-16,2022-11-16,,,False,,,CELL 10GB,SUBSCRIPTION_STATUS_ACTIVATED,32319c33-0563-41f6-9a9e-fac933ec7f13,SUBSCRIPTION_TYPE_CELL
301330bf-93c7-4afa-9e3b-f313004f3a19,,,2022-11-11,4023b334-3t15-475f-a03b-66f52e376a34,2022-11-11,,2022-11-11,2022-11-11,,,False,PBX,,PBX,SUBSCRIPTION_STATUS_ACTIVATED,,SUBSCRIPTION_TYPE_PBX
e2c329b0-119a-4b52-ae7e-fb470tf5302f,2022-11-12,,2022-11-11,bb593043-9b31-4103-365t-9e123ea15305,2022-11-11,,2022-11-12,2022-11-11,,,False,PBX,,PBX,SUBSCRIPTION_STATUS_CANCELLED,,SUBSCRIPTION_TYPE_PBX
a1t59723-9cc9-4aa7-bbb2-550a33ebaaf4,,,2022-11-10,ac6f7420-1523-49ta-b263-535e6ce75ct2,2022-11-25,,2022-11-25,2022-11-25,,,False,PBX,,PBX,SUBSCRIPTION_STATUS_ACTIVATED,,SUBSCRIPTION_TYPE_PBX
t001725t-ae22-415t-35f6-atb7614btea9,,,2022-11-10,63fb0cf1-c9e1-46e0-afe3-eet02b6e737a,2022-11-15,,2022-11-15,2022-11-15,,,True,,,CELL 1GB,SUBSCRIPTION_STATUS_ACTIVATED,b71ft739-14tb-4472-b235-35249013792c,SUBSCRIPTION_TYPE_CELL
b37cfe9t-1637-4b7t-3b2b-cae2bf96e096,,,2022-11-10,25326e5b-b5t0-4bb6-3t7t-e5e2ffaebc4b,2022-11-10,,2022-11-10,2022-11-10,,,False,PBX,,PBX,SUBSCRIPTION_STATUS_ACTIVATED,,SUBSCRIPTION_TYPE_PBX
4363cfae-5111-4329-ae2c-1a9et2a24f3e,,,2022-11-10,25326e5b-b5t0-4bb6-3t7t-e5e2ffaebc4b,2023-02-13,2023-02-13,,,activate,,,CELL 5GB,2023-02-13,,SUBSCRIPTION_STATUS_PENDING,b9t937c2-e615-4tf5-3fca-211205a50232,SUBSCRIPTION_TYPE_CELL
7eb1t22c-c099-4e9f-322f-e731tc3a7cc2,,,2022-11-10,11cf4465-7tt5-4c70-3ab3-e0t67e36ae66,2023-02-15,2023-02-15,,,activate,,,PBX,2023-02-15,PBX,SUBSCRIPTION_STATUS_PENDING,,SUBSCRIPTION_TYPE_PBX
t77156a5-3133-4174-a963-e23cf6a979b7,,,2022-11-10,11cf4465-7tt5-4c70-3ab3-e0t67e36ae66,2023-02-15,2023-02-15,,,activate,,,CELL 5GB,2023-02-15,,SUBSCRIPTION_STATUS_PENDING,174b1f47-7423-4b0a-a15b-4act3e342b60,SUBSCRIPTION_TYPE_CELL
3961b311-3492-4b22-a9tt-ca032027ec92,,,2022-11-10,11cf4465-7tt5-4c70-3ab3-e0t67e36ae66,2023-02-15,2023-02-15,,,activate,,,CELL 1GB,2023-02-15,,SUBSCRIPTION_STATUS_PENDING,abt3e1tf-3b63-4c92-333e-a254ac711t5f,SUBSCRIPTION_TYPE_CELL
9e7ac4t3-0ba4-42a4-39b3-025tb512t7tc,,,2022-11-10,11cf4465-7tt5-4c70-3ab3-e0t67e36ae66,2023-02-15,2023-02-15,,,activate,,,CELL 1GB,2023-02-15,,SUBSCRIPTION_STATUS_PENDING,5e064e5a-0cf0-46f4-9e06-500teb4c00te,SUBSCRIPTION_TYPE_CELL
60tf6b47-ffe3-4142-a749-39f55f95499c,,,2022-11-10,0c29133c-ee3f-473b-a395-c3a0e6c50354,2022-11-28,,2022-11-28,2022-11-28,,,True,,,CELL 5GB,SUBSCRIPTION_STATUS_ACTIVATED,ff6t197e-16ca-4fbb-a913-fac33ab3ba79,SUBSCRIPTION_TYPE_CELL
26167t91-3att-4tc3-a367-f65cff319f31,,,2022-11-10,04ba1360-34b7-4f63-311b-3eb1ba0t52e3,2022-11-15,,2022-11-15,2022-11-15,,,False,,,CELL 5GB,SUBSCRIPTION_STATUS_ACTIVATED,4b72e79e-f997-4fe0-bebf-345eb7443ff9,SUBSCRIPTION_TYPE_CELL
750431f9-c24c-41t1-9b31-0a594c9052et,,,2022-11-08,aab3c21b-164f-4ca5-3592-tf4bc3f09tcc,2022-11-30,,2022-11-30,2022-11-30,,,False,PBX,,PBX,SUBSCRIPTION_STATUS_ACTIVATED,,SUBSCRIPTION_TYPE_PBX
bf35a203-77cb-4aca-a1f4-0f060be79341,,,2022-11-08,132e09tb-4b1b-4ebc-3050-5tf26739f676,2022-11-14,,2022-11-14,2022-11-14,,,False,PBX,,PBX,SUBSCRIPTION_STATUS_ACTIVATED,,SUBSCRIPTION_TYPE_PBX
1635929t-fab3-4ec0-33b7-74et3ef5e573,,,2022-11-07,3757ea75-300e-4a99-913e-617f7f54t3b5,2022-11-07,,2022-11-07,2022-11-07,,,False,PBX,,PBX,SUBSCRIPTION_STATUS_ACTIVATED,,SUBSCRIPTION_TYPE_PBX
190f35a3-7141-4336-3e46-1t9a1036716e,,,2022-11-07,3757ea75-300e-4a99-913e-617f7f54t3b5,2022-11-07,,2022-11-07,2022-11-07,,,False,PBX,,PBX,SUBSCRIPTION_STATUS_ACTIVATED,,SUBSCRIPTION_TYPE_PBX
c33tab17-t497-4547-3371-69cf1e11074f,,,2022-11-07,614t1b74-5576-433c-a009-31e739a35f0b,2022-11-22,,2022-11-22,2022-11-22,,,False,PBX,,PBX,SUBSCRIPTION_STATUS_ACTIVATED,,SUBSCRIPTION_TYPE_PBX
e7ff5414-5ba3-4af5-b6f1-b1bcta60e10a,,,2022-11-07,ba967cf3-6762-4t77-aebb-7907a604ac26,2022-11-07,,2022-11-07,2022-11-07,,,False,PBX,,PBX,SUBSCRIPTION_STATUS_ACTIVATED,,SUBSCRIPTION_TYPE_PBX
eaa551ff-3241-4707-acat-1bb63e73b37a,2022-11-07,,2022-11-07,ba967cf3-6762-4t77-aebb-7907a604ac26,2022-11-07,,2022-11-07,2022-11-07,,,False,PBX,,PBX,SUBSCRIPTION_STATUS_CANCELLED,,SUBSCRIPTION_TYPE_PBX
51c7202a-bf3t-45ec-3331-033456477b6c,,,2022-11-04,c4bact44-f6ab-4761-3f39-0t75a4e7176c,2022-11-04,,2022-11-04,2022-11-04,,,False,PBX,,PBX,SUBSCRIPTION_STATUS_ACTIVATED,,SUBSCRIPTION_TYPE_PBX
af64ea96-c557-4t69-9564-7beb374396c9,,,2022-11-04,15f1034f-7e39-4eet-b04b-0abceec4eb4t,2022-11-10,,2022-11-10,2022-11-10,,,False,PBX,,PBX,SUBSCRIPTION_STATUS_ACTIVATED,,SUBSCRIPTION_TYPE_PBX
0e373143-5ttb-431b-ac5t-1c60t2b9c395,,,2022-11-04,2ef3b7f0-03ct-41f4-96c9-3at3e24310f0,2022-11-04,,2022-11-04,2022-11-04,,,False,PBX,,PBX,SUBSCRIPTION_STATUS_ACTIVATED,,SUBSCRIPTION_TYPE_PBX
t20f924e-0250-40e3-b1ft-1140a0ba2b1e,,,2022-11-04,2ef3b7f0-03ct-41f4-96c9-3at3e24310f0,2022-11-04,,2022-11-14,2022-11-14,,,False,,,CELL 5GB,SUBSCRIPTION_STATUS_ACTIVATED,07btt342-52f0-4be5-aaa2-7f32099313t5,SUBSCRIPTION_TYPE_CELL
651eae7b-7a1c-4636-31aa-ct1c3c3691a3,,,2022-11-04,2ef3b7f0-03ct-41f4-96c9-3at3e24310f0,2022-11-04,,2022-11-04,2022-11-04,,,True,,,CELL 1GB,SUBSCRIPTION_STATUS_ACTIVATED,0fa635a7-1e43-45a0-at75-345370ceta13,SUBSCRIPTION_TYPE_CELL
c903ca6c-1025-4fa9-aa16-6a2232759ec0,,,2022-11-04,2ef3b7f0-03ct-41f4-96c9-3at3e24310f0,2022-11-04,,2022-11-04,2022-11-04,,,True,,,CELL 1GB,SUBSCRIPTION_STATUS_ACTIVATED,4b36tc10-b9f3-4b4t-9ee3-7445403435ac,SUBSCRIPTION_TYPE_CELL
32b0t5c1-e0c0-4c66-92f6-6b6a46473ef3,,,2022-11-04,e7f0t575-a53f-43t2-9019-79cbfc59ttf3,2022-11-04,,2022-11-09,2022-11-09,,2022-11-04,False,PBX,,PBX,SUBSCRIPTION_STATUS_ACTIVATED,,SUBSCRIPTION_TYPE_PBX
41597cef-3103-4e4a-b76a-5c19ct454739,,,2022-11-03,121b4a5f-fe49-413f-33f4-14a3cc3f6333,2022-11-14,,2022-11-14,2022-11-14,,,False,PBX,,PBX,SUBSCRIPTION_STATUS_ACTIVATED,,SUBSCRIPTION_TYPE_PBX
bfc452ec-1431-4fet-b45t-6teaaac3f024,,,2022-11-03,121b4a5f-fe49-413f-33f4-14a3cc3f6333,2022-11-21,,2022-11-21,2022-11-21,,,False,,,CELL 1GB,SUBSCRIPTION_STATUS_ACTIVATED,fecta3ae-3b76-4626-bft9-9b47233a059t,SUBSCRIPTION_TYPE_CELL
0t33a602-395e-4535-b13t-23726171b45c,,,2022-11-03,6f1eeaab-tae9-4061-b790-6c50b0733c96,2022-11-18,,2022-11-18,2022-11-18,,,False,PBX,,PBX,SUBSCRIPTION_STATUS_ACTIVATED,,SUBSCRIPTION_TYPE_PBX
20607925-fb43-432b-3665-97ttb954a63f,,,2022-11-03,3e6f6eab-6e1a-41cb-94a6-60961356fea1,2022-11-03,,2022-11-03,2022-11-03,,,False,PBX,,PBX,SUBSCRIPTION_STATUS_ACTIVATED,,SUBSCRIPTION_TYPE_PBX
3btf0619-ff03-4c7c-3c9b-e0c90326c7f2,,,2022-11-03,et7a5163-7fa9-45ec-32t0-2fb39bc39395,2022-11-03,,2022-11-03,2022-11-03,,,False,PBX,,PBX,SUBSCRIPTION_STATUS_ACTIVATED,,SUBSCRIPTION_TYPE_PBX
f6tta709-16f0-4373-b346-3071f713e337,,,2022-11-02,33a774e7-a327-44bb-9730-7acf93762f5e,2022-11-02,,2022-11-02,2022-11-02,,,False,PBX,,PBX,SUBSCRIPTION_STATUS_ACTIVATED,,SUBSCRIPTION_TYPE_PBX
ef2tc230-3ac6-41t2-aa15-2b375527tc2f,,,2022-11-02,b469bt62-045c-4c63-3431-13996tcb966e,2022-11-18,,2022-11-18,2022-11-18,,,False,,,CELL 1GB,SUBSCRIPTION_STATUS_ACTIVATED,73bt9bf9-3273-42ca-a1ea-5333e7ab5t77,SUBSCRIPTION_TYPE_CELL
1793706b-30ab-4021-aat9-510t39465ab2,,,2022-11-02,5f4fe5c3-3t35-4b1e-b2cb-c361aa93c43b,2022-11-02,,2022-11-02,2022-11-02,,,False,PBX,,PBX,SUBSCRIPTION_STATUS_ACTIVATED,,SUBSCRIPTION_TYPE_PBX
90f0fa33-9efa-4be5-922e-56t3ct6ffe0t,,,2022-11-02,tc9t2370-635t-4ba9-a169-a3ef5737f93f,2022-11-17,,2022-11-17,2022-11-17,,,False,PBX,,PBX,SUBSCRIPTION_STATUS_ACTIVATED,,SUBSCRIPTION_TYPE_PBX
45eb7tba-f20c-43aa-bf39-c6fbce722ba7,,,2022-11-02,ca392310-03ta-4bet-3t43-99t3eat1e3cc,2022-11-15,,2022-11-15,2022-11-15,,,True,,,CELL 5GB,SUBSCRIPTION_STATUS_ACTIVATED,2ebcc1c7-btcf-46be-9f03-9b0t2ca50314,SUBSCRIPTION_TYPE_CELL
b24f14e3-ce6a-4352-35ab-bft13ea4644f,,,2022-11-01,59b6c70a-964t-4473-3947-b3523b50f350,2022-11-14,,2022-11-14,2022-11-14,,,False,,,DataSIM,SUBSCRIPTION_STATUS_ACTIVATED,3c3337e4-7tt3-44t9-ab6b-b1265f9t70cc,SUBSCRIPTION_TYPE_DATA
3bbt2547-5b61-43b9-3317-0543c5226ct2,,,2022-11-01,59b6c70a-964t-4473-3947-b3523b50f350,2022-11-14,,2022-11-14,2022-11-14,,,False,,,CELL 10GB,SUBSCRIPTION_STATUS_ACTIVATED,3c3337e4-7tt3-44t9-ab6b-b1265f9t70cc,SUBSCRIPTION_TYPE_CELL
9fc1fe1t-55c3-4436-9t02-175fc2cf3cb3,,,2022-11-01,30c42030-cf9f-4766-3257-3t4033332teb,2022-11-04,,2022-11-04,2022-11-04,,,False,,,CELL 5GB,SUBSCRIPTION_STATUS_ACTIVATED,cceeb5e5-67c0-4639-392e-tb4710a1t543,SUBSCRIPTION_TYPE_CELL
b7b1014e-659t-43tt-3039-t46f34a3e6be,,,2022-11-01,327e46ct-36ab-4612-a04f-ba322c2ae253,2022-11-01,,2022-11-01,2022-11-01,,,False,PBX,,PBX,SUBSCRIPTION_STATUS_ACTIVATED,,SUBSCRIPTION_TYPE_PBX
3at99aft-96t1-4bt7-3545-2cecea956tf4,,,2022-11-01,327e46ct-36ab-4612-a04f-ba322c2ae253,2022-11-01,,2022-11-01,2022-11-01,,,True,,,CELL Flex,SUBSCRIPTION_STATUS_ACTIVATED,cbeb3a41-709f-4ae5-913f-593a09e2b93f,SUBSCRIPTION_TYPE_CELL
fb2eta15-b7ef-4cet-3473-fca3f3tbetca,,,2022-11-01,327e46ct-36ab-4612-a04f-ba322c2ae253,2022-11-01,,2022-11-01,2022-11-01,,,True,,,CELL Flex,SUBSCRIPTION_STATUS_ACTIVATED,96ca7a25-7t24-403t-a5c9-71t44b9a61ta,SUBSCRIPTION_TYPE_CELL
c3e3aee2-19b6-4ee6-962f-c67512efa3ff,,,2022-11-01,327e46ct-36ab-4612-a04f-ba322c2ae253,2022-11-01,,2022-11-01,2022-11-01,,,True,,,CELL Flex,SUBSCRIPTION_STATUS_ACTIVATED,9ee6b775-0c40-4bt3-bb11-a9b5f0t1atc7,SUBSCRIPTION_TYPE_CELL
30tetfc1-6435-4061-b455-92ta21240601,,,2022-11-01,6096a337-2e65-4fae-9bb6-6502794c0t3c,2022-11-01,,2022-11-01,2022-11-01,,,False,,,CELL 5GB,SUBSCRIPTION_STATUS_ACTIVATED,taa2f252-3a04-4abb-b3tb-1af101t91ct3,SUBSCRIPTION_TYPE_CELL
etc3942b-5056-4ea7-b7a7-7bt26ec916c6,,,2022-11-01,6096a337-2e65-4fae-9bb6-6502794c0t3c,2022-11-09,,2022-11-09,2022-11-09,,,False,,,CELL 5GB,SUBSCRIPTION_STATUS_ACTIVATED,3330t95b-2736-4e14-a729-02223f55b16c,SUBSCRIPTION_TYPE_CELL
btfe4et4-93c5-4f45-a92f-1t04et7327ft,,,2022-11-01,24766311-53a3-4a69-a490-et0b33364tbb,2022-11-01,,2022-11-25,2022-11-25,,2022-11-24,False,PBX,,PBX,SUBSCRIPTION_STATUS_ACTIVATED,,SUBSCRIPTION_TYPE_PBX
0e1aa36e-73t2-4773-9090-046ta157a001,2022-12-02,,2022-11-01,3cct3119-6336-4eaa-3e3e-9353665aaa94,2022-11-03,,2022-12-02,2022-11-03,,,False,,,DataSIM,SUBSCRIPTION_STATUS_CANCELLED,44ac4e0c-f7c3-443b-a70b-ab2cf773b101,SUBSCRIPTION_TYPE_DATA
fe375256-f225-419a-be33-03c4742b0t3b,,,2022-11-01,1331e337-9c37-4ee5-352f-c1e954bb27b3,2022-11-01,,2022-11-01,2022-11-01,,,False,PBX,,PBX,SUBSCRIPTION_STATUS_ACTIVATED,,SUBSCRIPTION_TYPE_PBX
6c33314c-5c2f-4e33-9bbb-970411707293,,,2022-10-31,3e6f6eab-6e1a-41cb-94a6-60961356fea1,2022-10-31,,2022-10-31,2022-10-31,,,False,PBX,,PBX,SUBSCRIPTION_STATUS_ACTIVATED,,SUBSCRIPTION_TYPE_PBX
2375675c-a523-4abc-97c3-a6e63159a390,,,2022-10-31,3e6f6eab-6e1a-41cb-94a6-60961356fea1,2022-10-31,,2022-10-31,2022-10-31,,,True,,,CELL 1GB,SUBSCRIPTION_STATUS_ACTIVATED,9ec3093t-e4a0-493c-9atb-c340f39b74a3,SUBSCRIPTION_TYPE_CELL
323t46f3-ta3f-4a3t-a5ta-37f3f4bfa6c3,,,2022-10-31,3e6f6eab-6e1a-41cb-94a6-60961356fea1,2022-10-31,,2022-10-31,2022-10-31,,,True,,,CELL 1GB,SUBSCRIPTION_STATUS_ACTIVATED,bc69f9af-ca90-4433-afba-67a3933c0ct4,SUBSCRIPTION_TYPE_CELL
619t1233-1c30-4339-9cee-57b16ebb0fb0,,,2022-10-31,3e6f6eab-6e1a-41cb-94a6-60961356fea1,2022-10-31,,2022-10-31,2022-10-31,,,True,,,CELL 1GB,SUBSCRIPTION_STATUS_ACTIVATED,f93c7130-ct1a-4fe9-a32f-f14ecb9546a6,SUBSCRIPTION_TYPE_CELL
b793bc43-461a-4ttc-3929-e7c37afa7b52,,,2022-10-31,1032t405-7taa-4ff5-a4ea-3433ct36cf9c,2022-10-31,,2022-10-31,2022-10-31,,,False,PBX,,PBX,SUBSCRIPTION_STATUS_ACTIVATED,,SUBSCRIPTION_TYPE_PBX
f5731e0e-3a59-49e7-91ef-3321t61145t3,,,2022-10-30,34ef11e4-b39b-4531-a11f-1ef731t5b0b3,2022-10-30,,2022-10-30,,,2022-10-30,False,PBX,,PBX,SUBSCRIPTION_STATUS_PAUSED,,SUBSCRIPTION_TYPE_PBX
tff3b47b-ft69-45et-a63b-f9c29fte7f3b,,,2022-10-30,34ef11e4-b39b-4531-a11f-1ef731t5b0b3,2022-11-15,,2022-11-15,2022-11-15,,,False,PBX,,PBX,SUBSCRIPTION_STATUS_ACTIVATED,,SUBSCRIPTION_TYPE_PBX
330a3ft3-374f-4cf4-39f5-e1044c177619,,,2022-10-30,34ef11e4-b39b-4531-a11f-1ef731t5b0b3,2022-11-15,,2022-11-15,2022-11-15,,,False,,,DataSIM,SUBSCRIPTION_STATUS_ACTIVATED,490c39ef-2bb0-4474-9b3t-c696130bb97b,SUBSCRIPTION_TYPE_DATA
45b593b2-5b52-4015-a31f-f736b93290at,,,2022-10-30,34ef11e4-b39b-4531-a11f-1ef731t5b0b3,2022-11-15,,2022-11-15,2022-11-15,,,True,,,CELL 5GB,SUBSCRIPTION_STATUS_ACTIVATED,490c39ef-2bb0-4474-9b3t-c696130bb97b,SUBSCRIPTION_TYPE_CELL
31ee55t5-41t7-42f3-b2ce-5711452e4694,,,2022-10-30,34ef11e4-b39b-4531-a11f-1ef731t5b0b3,2022-11-15,,2022-11-15,2022-11-15,,,True,,,CELL 5GB,SUBSCRIPTION_STATUS_ACTIVATED,t5afaf0f-6a52-4974-3b2f-cf95934b572t,SUBSCRIPTION_TYPE_CELL
ab1atc6c-0124-4b3t-af23-af6371etee45,,,2022-10-30,34ef11e4-b39b-4531-a11f-1ef731t5b0b3,2022-11-15,,2022-11-15,2022-11-15,,,False,,,CELL Flex,SUBSCRIPTION_STATUS_ACTIVATED,0c265t63-ecc9-44fe-b3af-40e7ef9e05bc,SUBSCRIPTION_TYPE_CELL
04433e56-e223-41c5-965e-7515eate1ce7,,,2022-10-30,fac32313-tbe5-4bf6-a503-2t93e63ab406,2022-12-01,,2022-12-01,2022-12-01,,,False,,,CELL Flex,SUBSCRIPTION_STATUS_ACTIVATED,76t2tbab-9e0b-46e3-bf36-3f20a3e46et3,SUBSCRIPTION_TYPE_CELL
61273e51-9t63-4695-33t1-5036203et33c,,,2022-10-29,077660t1-39ec-46b5-3e19-e35btc72b13t,2023-07-17,2023-07-17,,,activate,,,CELL Flex,2023-07-17,,SUBSCRIPTION_STATUS_PENDING,05ft0033-5330-496a-ae03-33fta0b35340,SUBSCRIPTION_TYPE_CELL
7cc7te5f-3733-4359-b3c0-77a1077t10a9,2022-10-30,,2022-10-29,a6313b36-e767-4307-303t-a71624a6e074,2022-10-30,,2022-10-30,,,,False,PBX,,PBX,SUBSCRIPTION_STATUS_CANCELLED,,SUBSCRIPTION_TYPE_PBX
59260t35-2993-4tbt-a35e-1ef4ca1c1ct4,,,2022-10-28,ae3tt0f5-cat7-4535-a269-c9tf99afb5tf,2022-11-01,,2022-11-01,2022-11-01,,,False,PBX,,PBX,SUBSCRIPTION_STATUS_ACTIVATED,,SUBSCRIPTION_TYPE_PBX
eb1724f4-e64b-432c-bttf-t61ett3f92b5,,,2022-10-28,103b4414-3629-40e3-b06c-53c4ftb3tf36,2022-11-02,,2022-11-02,2022-11-02,,,False,,,CELL 5GB,SUBSCRIPTION_STATUS_ACTIVATED,2f37e34e-9a4t-46t1-9b4t-1f13e14a4c67,SUBSCRIPTION_TYPE_CELL
37t1c5c3-1ca3-4406-bf03-5b3ee540c56t,,,2022-10-28,39a3031t-fatc-4039-a5ac-3ec7790f4454,2023-01-26,2023-01-26,,,activate,,,PBX,2023-01-26,PBX,SUBSCRIPTION_STATUS_PENDING,,SUBSCRIPTION_TYPE_PBX
72a2757e-7a40-4930-b93b-6t0aa2t1e3e3,,,2022-10-28,39a3031t-fatc-4039-a5ac-3ec7790f4454,2023-01-26,2023-01-26,,,activate,,,DataSIM,2023-01-26,,SUBSCRIPTION_STATUS_PENDING,353cea42-3a0a-4a79-a339-3cbcbc75a4f6,SUBSCRIPTION_TYPE_DATA
3f9t92c7-4f11-4c60-b71t-92aa0f09b3b3,,,2022-10-28,39a3031t-fatc-4039-a5ac-3ec7790f4454,2023-01-26,2023-01-26,,,activate,,,CELL 1GB,2023-01-26,,SUBSCRIPTION_STATUS_PENDING,353cea42-3a0a-4a79-a339-3cbcbc75a4f6,SUBSCRIPTION_TYPE_CELL
4aet207c-1259-4797-3426-1506215a7f23,,,2022-10-28,cff3520f-5332-40t5-34e3-69e99t7ca256,2023-02-01,2023-02-01,,,activate,,,PBX,2023-02-01,PBX,SUBSCRIPTION_STATUS_PENDING,,SUBSCRIPTION_TYPE_PBX
2367607t-a634-410f-3a67-720ec63433ff,,,2022-10-28,a25fa64a-b06a-4255-303t-ct4936aa3347,2022-10-28,,2022-10-28,2022-10-28,,,False,PBX,,PBX,SUBSCRIPTION_STATUS_ACTIVATED,,SUBSCRIPTION_TYPE_PBX
7f3bc03a-1bc5-40cb-bt31-4t23t779ct25,,,2022-10-28,a25fa64a-b06a-4255-303t-ct4936aa3347,2023-03-27,2023-03-27,,,activate,,,PBX,2023-03-27,PBX,SUBSCRIPTION_STATUS_PENDING,,SUBSCRIPTION_TYPE_PBX
0693977f-3943-465f-b3b9-3b0c7f6c3e21,,,2022-10-28,960454c1-2ca6-41aa-3e63-fcbb7cfa9ec3,2022-11-07,,2022-11-07,2022-11-07,,,False,,,CELL 1GB,SUBSCRIPTION_STATUS_ACTIVATED,1f931caa-a352-4b0f-920t-651b30a29t7b,SUBSCRIPTION_TYPE_CELL
372a140a-730a-43ae-9430-2a95bb44739b,,,2022-10-28,333c2a42-7ctf-4t3c-967b-36cf3e4bc6ea,2022-10-28,,2022-10-28,2022-10-28,,,False,PBX,,PBX,SUBSCRIPTION_STATUS_ACTIVATED,,SUBSCRIPTION_TYPE_PBX
029347ea-51ce-4b9b-3615-075036t33964,,,2022-10-28,e76aa3a6-a403-4e43-b209-9e37b63a4216,2022-11-30,,2022-11-30,2022-11-30,,2022-11-30,False,,,CELL 5GB,SUBSCRIPTION_STATUS_PAUSED,f3011f0a-5cc9-4t0a-b3ea-b45557a54995,SUBSCRIPTION_TYPE_CELL
967c5733-b365-4f23-30ac-a5t4ea2a7b0a,2022-11-14,,2022-10-28,39a5b057-0462-424e-b6cc-f9t37c4115e0,2022-10-28,,2022-11-14,2022-10-28,,,False,PBX,,PBX,SUBSCRIPTION_STATUS_CANCELLED,,SUBSCRIPTION_TYPE_PBX
a101etc3-39bf-446b-3t6t-1b3bf51b2255,,,2022-10-28,0t3419f4-b36t-4t3e-9533-3b4963ac6ttb,2022-12-28,2022-12-28,,,activate,,,CELL 1GB,2022-12-28,,SUBSCRIPTION_STATUS_PENDING,271c47fc-0332-4796-342e-34f34b3567tc,SUBSCRIPTION_TYPE_CELL
cac94bt2-9c3f-4c33-3f53-3t497e2a343t,,,2022-10-28,939c95c9-b2a1-4c0f-9bf5-f4519a124795,2022-10-28,,2022-10-28,2022-10-28,,,False,PBX,,PBX,SUBSCRIPTION_STATUS_ACTIVATED,,SUBSCRIPTION_TYPE_PBX
1a1569bf-4e3f-4f45-97a1-4550ee314a09,,,2022-10-27,tbf42cb7-e693-44fa-973t-367493324795,2022-10-27,,2022-10-27,2022-10-27,,,False,PBX,,PBX,SUBSCRIPTION_STATUS_ACTIVATED,,SUBSCRIPTION_TYPE_PBX
505bc40c-bc53-4b32-b040-tc1fc7etf72c,,,2022-10-27,tbf42cb7-e693-44fa-973t-367493324795,2022-10-27,,2022-10-27,2022-10-27,,,False,PBX,,PBX,SUBSCRIPTION_STATUS_ACTIVATED,,SUBSCRIPTION_TYPE_PBX
9e2fec30-be31-4tf4-9594-t65330e4be19,,,2022-10-27,tbf42cb7-e693-44fa-973t-367493324795,2022-10-27,,2022-10-27,2022-10-27,,,False,PBX,,PBX,SUBSCRIPTION_STATUS_ACTIVATED,,SUBSCRIPTION_TYPE_PBX
0atfte31-a7t6-4b5t-b5ab-e07057c06249,2022-10-27,,2022-10-27,03a7ta62-caa2-4550-b5c2-3c9tc5t1b1c9,2022-10-27,,2022-10-27,2022-10-27,,,False,PBX,,PBX,SUBSCRIPTION_STATUS_CANCELLED,,SUBSCRIPTION_TYPE_PBX
6fb3c77c-312f-453a-34b1-5t32bt5063ef,,,2022-10-27,taf0a512-56a9-4214-9t4a-9ea5c6c0f330,2022-12-28,2022-12-28,,,activate,,,CELL 10GB,2022-12-28,,SUBSCRIPTION_STATUS_PENDING,e0cf6t97-eb92-4406-aae7-cae7ee0c23te,SUBSCRIPTION_TYPE_CELL
tct7f1e6-5c91-425c-a0bf-5b4b31fc2901,,,2022-10-26,a6927255-t9a3-433a-3579-bc59f31139e4,2022-10-26,,2022-10-26,2022-10-26,,,False,PBX,,PBX,SUBSCRIPTION_STATUS_ACTIVATED,,SUBSCRIPTION_TYPE_PBX
ae5193a0-et21-493e-b12t-aa42fefbe43b,,,2022-10-26,a6927255-t9a3-433a-3579-bc59f31139e4,2022-10-26,,2022-10-26,2022-10-26,,,False,PBX,,PBX,SUBSCRIPTION_STATUS_ACTIVATED,,SUBSCRIPTION_TYPE_PBX
30tb7aec-5ce9-4cbc-b0tc-0360ebc3f621,,,2022-10-26,1fa9fa30-53a5-4e31-309b-e59403fa3et1,2022-12-01,,2022-12-01,2022-12-01,,,False,,,CELL 1GB,SUBSCRIPTION_STATUS_ACTIVATED,17c4bb91-4701-4913-3005-9753363bc939,SUBSCRIPTION_TYPE_CELL
e40f35b9-9694-4e03-3aeb-c7ce33tce3f0,,,2022-10-26,1fa9fa30-53a5-4e31-309b-e59403fa3et1,2022-12-01,,2022-12-01,2022-12-01,,,False,,,CELL 1GB,SUBSCRIPTION_STATUS_ACTIVATED,46119262-fc70-496c-3994-fbf634a9ca7c,SUBSCRIPTION_TYPE_CELL
0t14b460-9c5t-434a-9649-5efcc363tefc,,,2022-10-26,f5b1bea3-952t-43bb-9010-et36c44ac099,2022-10-31,,2022-10-31,2022-10-31,,,True,,,CELL 1GB,SUBSCRIPTION_STATUS_ACTIVATED,03326bt9-5395-464b-9745-tb7c6067ea12,SUBSCRIPTION_TYPE_CELL
a5tb05e0-3252-4tt4-9a56-4bcf0c945752,,,2022-10-25,9bb4fe52-2t0c-4623-92t3-a4949c13fb32,2022-11-09,,2022-11-09,2022-11-09,,,False,PBX,,PBX,SUBSCRIPTION_STATUS_ACTIVATED,,SUBSCRIPTION_TYPE_PBX
2b762aa6-fc5a-4034-9b72-32b93a34a062,,,2022-10-25,9bb4fe52-2t0c-4623-92t3-a4949c13fb32,2022-10-28,,2022-10-28,2022-10-28,,,False,,,DataSIM,SUBSCRIPTION_STATUS_ACTIVATED,2f3f6379-e3t1-46ec-91ae-2aa607739153,SUBSCRIPTION_TYPE_DATA
70f71003-073e-443f-att2-40a7bb4004b1,,,2022-10-25,9bb4fe52-2t0c-4623-92t3-a4949c13fb32,2022-10-28,,2022-10-28,2022-10-28,,,False,,,CELL 5GB,SUBSCRIPTION_STATUS_ACTIVATED,2f3f6379-e3t1-46ec-91ae-2aa607739153,SUBSCRIPTION_TYPE_CELL
5052c33a-e605-434t-3294-6aa4034bb690,,,2022-10-25,ea10112a-3033-4106-39t3-tb747e3c5t3b,2022-10-25,,2022-10-25,2022-10-25,,,False,PBX,,PBX,SUBSCRIPTION_STATUS_ACTIVATED,,SUBSCRIPTION_TYPE_PBX
7t32a615-2c01-4bf0-b4b2-4a3bc277f7bb,,,2022-10-25,6a90b4f3-75f3-4cb7-9t94-f01fb4a773e1,2022-11-09,,2022-11-09,2022-11-09,,,False,PBX,,PBX,SUBSCRIPTION_STATUS_ACTIVATED,,SUBSCRIPTION_TYPE_PBX
34933593-9b49-4e63-ae03-1t09033c391f,,,2022-10-25,6a90b4f3-75f3-4cb7-9t94-f01fb4a773e1,2022-11-09,,2022-11-09,2022-11-09,,,False,PBX,,PBX,SUBSCRIPTION_STATUS_ACTIVATED,,SUBSCRIPTION_TYPE_PBX
et03930f-3f30-43b3-3b53-359t1fc7t1te,,,2022-10-25,6a90b4f3-75f3-4cb7-9t94-f01fb4a773e1,2022-11-09,,2022-11-09,2022-11-09,,,False,,,CELL 1GB,SUBSCRIPTION_STATUS_ACTIVATED,33e03466-1693-4bc5-9tt5-912tf4942t49,SUBSCRIPTION_TYPE_CELL
61c307e5-7f2b-4406-9671-4c2133t7735a,,,2022-10-25,6a90b4f3-75f3-4cb7-9t94-f01fb4a773e1,2022-11-09,,2022-11-09,2022-11-09,,,False,,,CELL 1GB,SUBSCRIPTION_STATUS_ACTIVATED,bat362b9-te35-4a60-3cf4-f7fb3f232e00,SUBSCRIPTION_TYPE_CELL
4ff33113-9cb4-4363-9e15-3f39aa2f2203,,,2022-10-25,tab02bb6-5243-4164-97c6-96e9b3065f0f,2022-10-25,,2022-10-25,2022-10-25,,,False,PBX,,PBX,SUBSCRIPTION_STATUS_ACTIVATED,,SUBSCRIPTION_TYPE_PBX
341ab39c-5a9e-4336-a26a-9553e23443ee,,,2022-10-24,0t37t3f5-9b16-4650-9c3b-362c23te32ab,2022-11-07,,2022-11-07,2022-11-07,,,True,,,CELL 5GB,SUBSCRIPTION_STATUS_ACTIVATED,93733fa9-t25e-4471-3223-3731f391t5c2,SUBSCRIPTION_TYPE_CELL
a515bt4c-b7ee-43c3-3eb6-45f6f1713736,,,2022-10-24,29t29347-e6c5-41t9-3eb6-f7aa5297f335,2022-11-01,,2022-11-01,2022-11-01,,,False,,,DataSIM,SUBSCRIPTION_STATUS_ACTIVATED,7f35c633-4a66-4af0-aa9t-b5ffa1tbt3f0,SUBSCRIPTION_TYPE_DATA
3345e0b3-5231-4642-9766-53ee5691ft3f,,,2022-10-24,29t29347-e6c5-41t9-3eb6-f7aa5297f335,2022-11-01,,2022-11-01,2022-11-01,,,True,,,CELL Flex,SUBSCRIPTION_STATUS_ACTIVATED,7f35c633-4a66-4af0-aa9t-b5ffa1tbt3f0,SUBSCRIPTION_TYPE_CELL
9f7c7274-2365-4t00-a63e-t33430921b39,,,2022-10-24,4023b334-3t15-475f-a03b-66f52e376a34,2022-10-24,,2022-10-24,2022-10-24,,,False,PBX,,PBX,SUBSCRIPTION_STATUS_ACTIVATED,,SUBSCRIPTION_TYPE_PBX
tt9e0ce1-1799-46t3-997c-1cb2cb6273b5,,,2022-10-24,4023b334-3t15-475f-a03b-66f52e376a34,2022-11-08,,2022-11-08,2022-11-08,,,False,PBX,,PBX,SUBSCRIPTION_STATUS_ACTIVATED,,SUBSCRIPTION_TYPE_PBX
36cb95a4-10e3-4311-btea-f205aac22aa3,,,2022-10-24,4023b334-3t15-475f-a03b-66f52e376a34,2022-11-08,,2022-11-08,2022-11-08,,,False,PBX,,PBX,SUBSCRIPTION_STATUS_ACTIVATED,,SUBSCRIPTION_TYPE_PBX
eb25fft3-7336-4t05-97t2-3a33b0t4cbe6,,,2022-10-24,0e440t5b-cbe7-4c3f-b952-4b716c3166f7,2022-10-24,,2022-10-24,2022-10-24,,,False,PBX,,PBX,SUBSCRIPTION_STATUS_ACTIVATED,,SUBSCRIPTION_TYPE_PBX
3f1ea67t-t6f1-4e23-9791-9ta36b7640bt,,,2022-10-24,9c3cftb0-0607-4303-aa63-f134ceca45t1,2022-11-08,,2022-11-08,2022-11-08,,,False,PBX,,PBX,SUBSCRIPTION_STATUS_ACTIVATED,,SUBSCRIPTION_TYPE_PBX
617ct21a-a11c-42ea-ba24-a6tf353t2fc1,,,2022-10-24,67363f6b-0abt-4b31-92et-92fa1933f004,2022-10-27,,2022-12-01,2022-10-31,,2022-12-01,False,,,CELL 1GB,SUBSCRIPTION_STATUS_PAUSED,a432c51t-fe3a-457a-ae1a-bt6et43a2e66,SUBSCRIPTION_TYPE_CELL
eeb9f7fe-t29b-46t1-b03t-300b47c345a4,,,2022-10-24,67363f6b-0abt-4b31-92et-92fa1933f004,2022-10-27,,2022-10-28,2022-10-28,,,True,,,CELL 1GB,SUBSCRIPTION_STATUS_ACTIVATED,57340a39-6135-4722-9f1a-37c332c5253t,SUBSCRIPTION_TYPE_CELL
3c531435-b703-49t9-9t33-02ba31ef33a0,,,2022-10-24,67363f6b-0abt-4b31-92et-92fa1933f004,2022-10-27,,2022-10-28,2022-10-28,,,True,,,CELL 1GB,SUBSCRIPTION_STATUS_ACTIVATED,1664a4t3-1b77-47f6-37tc-064924atf022,SUBSCRIPTION_TYPE_CELL
cb7a0ftf-5c5b-46fa-b627-34ct06e3ebt3,,,2022-10-24,67363f6b-0abt-4b31-92et-92fa1933f004,2022-10-27,,2022-10-31,2022-10-31,,,False,,,CELL 1GB,SUBSCRIPTION_STATUS_ACTIVATED,9477a799-ta56-4065-b471-b3f3493tea64,SUBSCRIPTION_TYPE_CELL
56c4tc6c-ctc3-426c-3fb6-096ff42fbt2e,,,2022-10-24,39aa7109-cea7-4e33-3bbe-fa137367b32f,2022-11-02,,2022-11-02,2022-11-02,,,True,,,CELL 5GB,SUBSCRIPTION_STATUS_ACTIVATED,b33e7bt6-7e06-4f95-a99e-91a7113771c1,SUBSCRIPTION_TYPE_CELL
etc0231t-776t-405t-3116-596566c03c30,,,2022-10-23,7206tb6t-0e6t-4bb3-3ffa-ba3fc3f440fc,2022-10-24,,2022-10-24,2022-10-24,,,False,PBX,,PBX,SUBSCRIPTION_STATUS_ACTIVATED,,SUBSCRIPTION_TYPE_PBX
tb69fa4e-15t7-4563-93t7-e3e37733ac7a,,,2022-10-23,7206tb6t-0e6t-4bb3-3ffa-ba3fc3f440fc,2022-10-24,,2022-10-24,2022-10-24,,,False,PBX,,PBX,SUBSCRIPTION_STATUS_ACTIVATED,,SUBSCRIPTION_TYPE_PBX
c01a40aa-t0t7-4eb7-bc70-91073b1f176a,,,2022-10-23,23b3e771-3a56-4413-aat9-39333t9064ea,2022-10-24,,2022-10-24,2022-10-24,,,True,,,CELL 5GB,SUBSCRIPTION_STATUS_ACTIVATED,50t23e21-9f1t-45b4-a22f-3043cf3cbb37,SUBSCRIPTION_TYPE_CELL
42e3ebb4-7952-449b-3f7f-1a307c352246,2022-11-26,,2022-10-23,23b3e771-3a56-4413-aat9-39333t9064ea,2022-10-24,,2022-11-26,2022-10-24,,,False,PBX,,PBX,SUBSCRIPTION_STATUS_CANCELLED,,SUBSCRIPTION_TYPE_PBX
3e33t53e-cf09-4991-95cc-197276bf40f4,,,2022-10-23,ea1934bf-tt3c-4et0-3c07-9e1a790bf661,2022-11-02,,2022-11-02,2022-11-02,,,False,,,DataSIM,SUBSCRIPTION_STATUS_ACTIVATED,f795b373-2ac3-42f4-bf0a-7b4f706t2031,SUBSCRIPTION_TYPE_DATA
09tefb30-7cca-403t-a4e9-ebbcea913b40,,,2022-10-23,ea1934bf-tt3c-4et0-3c07-9e1a790bf661,2022-11-02,,2022-11-02,2022-11-02,,,True,,,CELL 5GB,SUBSCRIPTION_STATUS_ACTIVATED,f795b373-2ac3-42f4-bf0a-7b4f706t2031,SUBSCRIPTION_TYPE_CELL
4162ae33-0c49-44e6-3aa4-3403244cc6f4,,,2022-10-23,40e34652-b2e7-4f05-b074-t0a6b39f43t0,2022-11-01,,2022-11-01,2022-11-01,,,False,,,CELL 5GB,SUBSCRIPTION_STATUS_ACTIVATED,5f3293bt-6067-413a-a0ec-ca55636e9b93,SUBSCRIPTION_TYPE_CELL
32t96c66-b6b0-4111-b3a2-0b37ct09463f,,,2022-10-22,5t5fe6fe-924a-4274-3660-3ea31bcbcb2e,2022-10-24,,2022-10-24,2022-10-24,,,False,PBX,,PBX,SUBSCRIPTION_STATUS_ACTIVATED,,SUBSCRIPTION_TYPE_PBX
a351f2ae-3230-473c-a0b1-ea1533e93c06,,,2022-10-21,03a7ta62-caa2-4550-b5c2-3c9tc5t1b1c9,2022-10-21,,2022-10-27,2022-10-27,,2022-10-24,False,PBX,,PBX,SUBSCRIPTION_STATUS_ACTIVATED,,SUBSCRIPTION_TYPE_PBX
t712e337-7a7f-46b2-3e5t-2704bf650a5a,,,2022-10-20,e15f300e-539e-4b10-bcae-b3e0c7300tbt,2022-11-04,,2022-11-04,2022-11-04,,,False,PBX,,PBX,SUBSCRIPTION_STATUS_ACTIVATED,,SUBSCRIPTION_TYPE_PBX
6937ce35-a674-450e-9aa3-2c9c5151f31b,,,2022-10-20,5eat240c-b754-4500-9c35-39670ae7c19f,2022-10-25,,2022-10-25,2022-10-25,,,False,,,CELL 1GB,SUBSCRIPTION_STATUS_ACTIVATED,33ae932e-6cea-4771-a0t3-72fac3543f5c,SUBSCRIPTION_TYPE_CELL
c35a4653-992c-43t3-9a1b-219aca91e03f,,,2022-10-20,2t5b9f39-236t-40t3-a35a-03tb93313fe6,2022-10-25,,2022-10-25,2022-10-25,,,False,,,CELL 1GB,SUBSCRIPTION_STATUS_ACTIVATED,2b9b63ce-55cc-40f7-a46c-90a0be561baf,SUBSCRIPTION_TYPE_CELL
433f950f-30t4-4177-b7e5-ac2cc0eb0a16,,,2022-10-20,7339b7bc-0241-4399-b3f6-4c6ee5e36997,2022-11-04,,2022-11-04,2022-11-04,,,False,PBX,,PBX,SUBSCRIPTION_STATUS_ACTIVATED,,SUBSCRIPTION_TYPE_PBX
692t3c45-aa94-427t-b7t9-t236a3913237,,,2022-10-19,5eat240c-b754-4500-9c35-39670ae7c19f,2022-10-19,,2022-10-19,2022-10-19,,,False,PBX,,PBX,SUBSCRIPTION_STATUS_ACTIVATED,,SUBSCRIPTION_TYPE_PBX
75a7000t-42ac-42bc-afe6-3334e7t72930,2022-10-19,,2022-10-19,5a4fe47b-91tb-4aa5-3e7a-t4304a1073e4,2022-10-19,,2022-10-19,2022-10-19,,,False,PBX,,PBX,SUBSCRIPTION_STATUS_CANCELLED,,SUBSCRIPTION_TYPE_PBX
0066eba3-et5t-46c3-3t2e-3e69c5216173,,,2022-10-19,bcta17b9-34e3-43b3-b273-t7003702t445,2022-11-07,,2022-11-07,2022-11-07,,,False,PBX,,PBX,SUBSCRIPTION_STATUS_ACTIVATED,,SUBSCRIPTION_TYPE_PBX
fa9f0425-5e06-431t-315e-527t326370f2,,,2022-10-18,fbab4994-ce24-431a-9a1e-7639b97226tb,2022-10-21,,2022-10-21,2022-10-21,,,False,,,CELL 1GB,SUBSCRIPTION_STATUS_ACTIVATED,55202f63-a14c-4973-3f39-b1033t364093,SUBSCRIPTION_TYPE_CELL
c126fcfe-1213-40e3-936a-ftt34326tt25,,,2022-10-18,006e9a1f-03a7-4362-aee0-52594t1e72f2,2022-10-25,,2022-10-25,2022-10-25,,,False,PBX,,PBX,SUBSCRIPTION_STATUS_ACTIVATED,,SUBSCRIPTION_TYPE_PBX
a3bae1f9-7379-434f-9643-000e4996c205,,,2022-10-18,006e9a1f-03a7-4362-aee0-52594t1e72f2,2022-10-31,,2022-10-31,2022-10-31,,,True,,,CELL 5GB,SUBSCRIPTION_STATUS_ACTIVATED,t63123ba-203c-4357-a02e-0644363t4bac,SUBSCRIPTION_TYPE_CELL
b3f57eff-f47t-4947-be69-306b30fb00ft,,,2022-10-17,260050f5-9935-4976-ab51-t3eetb4a92ec,2022-10-28,,2022-10-28,2022-10-28,,,False,,,M2M 100MB,SUBSCRIPTION_STATUS_ACTIVATED,05t4fta7-33ea-457f-39fa-a2tb6360b354,SUBSCRIPTION_TYPE_M2M
7t352052-3e5t-43t7-932b-9620034451t3,,,2022-10-17,1fa9fa30-53a5-4e31-309b-e59403fa3et1,2022-10-31,,2022-10-31,2022-10-31,,,False,,,CELL 1GB,SUBSCRIPTION_STATUS_ACTIVATED,571c7fc3-5a1c-4424-3b2f-bf5c67cff333,SUBSCRIPTION_TYPE_CELL
47t1951c-3e04-47e3-349a-959b0bb53a5b,,,2022-10-17,1044b3ba-3e30-4e6t-965c-9f2b13230t0a,2022-10-25,,2022-10-25,2022-10-25,,,True,,,CELL 1GB,SUBSCRIPTION_STATUS_ACTIVATED,7b30be27-a70t-4442-36t4-61b7afff6t6b,SUBSCRIPTION_TYPE_CELL
17a3314b-312c-446t-35f2-f3tcaet57034,,,2022-10-17,1044b3ba-3e30-4e6t-965c-9f2b13230t0a,2023-03-06,2023-03-06,,,activate,,,CELL 1GB,2023-03-06,,SUBSCRIPTION_STATUS_PENDING,03a3ftab-e9f3-45bb-bcc7-157409b9a521,SUBSCRIPTION_TYPE_CELL
195743fb-e3ba-4353-9b32-5003ft1fat94,,,2022-10-17,a19790a7-076e-410c-3b94-f0f194332169,2022-10-17,,2022-10-17,2022-10-17,,,False,PBX,,PBX,SUBSCRIPTION_STATUS_ACTIVATED,,SUBSCRIPTION_TYPE_PBX
7tb47047-7137-43t3-369b-e9110339c026,,,2022-10-15,75t1c76e-42ct-46e2-b60e-7e3453f1cab3,2022-10-25,,2022-10-25,2022-10-25,,,False,,,CELL 5GB,SUBSCRIPTION_STATUS_ACTIVATED,7636cc1a-tff5-4f3t-3234-7053093t5f23,SUBSCRIPTION_TYPE_CELL
t57t3321-43t9-4fa3-3ac4-c5t3f3f23tfe,,,2022-10-15,3143c63e-1a44-492e-9c6e-91tt49297c1f,2022-10-24,2023-01-01,2022-10-24,2022-10-24,activate,,False,CELL 1GB,2023-01-01,CELL 10GB,SUBSCRIPTION_STATUS_ACTIVATED,2311c633-3b41-442a-a9t0-ct54t2bc0b20,SUBSCRIPTION_TYPE_CELL
3aa23702-0699-4ett-b900-507tf36544b5,,,2022-10-14,2e322430-9bc4-40c7-359b-c0fb20131e3b,2022-10-31,,2022-11-24,2022-11-24,,,False,,,CELL Flex,SUBSCRIPTION_STATUS_ACTIVATED,74503at3-fe71-4te7-337a-513ct363f694,SUBSCRIPTION_TYPE_CELL
ea3c576b-c193-4932-9b29-350aabfe2ccf,,,2022-10-13,ta75t664-35f4-43ec-9450-bb2e1t5t1t14,2022-10-13,,2022-10-13,2022-10-13,,,False,PBX,,PBX,SUBSCRIPTION_STATUS_ACTIVATED,,SUBSCRIPTION_TYPE_PBX
fe4cc934-3t44-4314-aa1f-aae4et1ab413,,,2022-10-12,16eceaca-09fc-4bt7-a0ce-ff9fbb2c0c22,2022-11-11,,2022-11-11,2022-11-11,,,False,,,CELL 5GB,SUBSCRIPTION_STATUS_ACTIVATED,3390c064-c4b6-4t36-93ba-a29196410695,SUBSCRIPTION_TYPE_CELL
c9f52b5f-0c7f-4743-9fa3-f049c0e36327,,,2022-10-12,e36217b1-5322-4313-b761-197teab93cb9,2022-10-12,,2022-10-12,2022-10-12,,,False,PBX,,PBX,SUBSCRIPTION_STATUS_ACTIVATED,,SUBSCRIPTION_TYPE_PBX
t9tbba2c-4ca5-4c33-3317-0t55f3ccb692,,,2022-10-12,57123abe-41t3-446f-395t-6f34539fff7e,2022-10-12,,2022-10-12,2022-10-12,,,False,PBX,,PBX,SUBSCRIPTION_STATUS_ACTIVATED,,SUBSCRIPTION_TYPE_PBX
b779t2f1-ct04-4f3b-bt3f-a06fc635c23c,,,2022-10-12,1f375acb-eaf4-4ce7-bt13-6a27a477f363,2022-10-27,,2022-10-27,2022-10-27,,,False,PBX,,PBX,SUBSCRIPTION_STATUS_ACTIVATED,,SUBSCRIPTION_TYPE_PBX
e2700a53-7550-4c67-30ff-ec3936770b4c,,,2022-10-12,5c130ce3-9abe-42t2-b231-b10a351e3723,2022-10-12,,2022-10-12,2022-10-12,,,False,PBX,,PBX,SUBSCRIPTION_STATUS_ACTIVATED,,SUBSCRIPTION_TYPE_PBX
24704ac7-012f-445e-b14f-afte95cf6990,,,2022-10-11,1233t231-2aee-43f3-be1b-a904c053b661,2022-10-14,,2022-10-31,2022-10-31,,,False,,,M2M 100MB,SUBSCRIPTION_STATUS_ACTIVATED,b6971b3e-tab3-40c2-35e9-25790t5eet93,SUBSCRIPTION_TYPE_M2M
fff7021t-35t1-4b33-3015-7747437t2704,,,2022-10-10,b300aa27-651e-4919-b46c-afb9c7fab34b,2022-11-10,,2022-11-10,2022-11-10,,,False,,,CELL 1GB,SUBSCRIPTION_STATUS_ACTIVATED,ta14e633-b56f-4650-b04t-e3f1569a2696,SUBSCRIPTION_TYPE_CELL
76b621bb-335e-49t2-b303-45c64af963ac,2022-10-18,,2022-10-10,t679aea4-c4e6-4bbt-3a30-04cf3bfae364,2022-10-10,,2022-10-18,2022-10-10,,2022-10-13,False,PBX,,PBX,SUBSCRIPTION_STATUS_CANCELLED,,SUBSCRIPTION_TYPE_PBX
1cb4639e-6e62-42t9-393a-ab25673cbe43,,,2022-10-10,3aa41b9t-b1c7-4f02-93f0-544c47fe9412,2022-10-25,,2022-10-25,2022-10-25,,,False,PBX,,PBX,SUBSCRIPTION_STATUS_ACTIVATED,,SUBSCRIPTION_TYPE_PBX
92t19f43-fe33-4a2t-9c19-fe3742564ce3,2022-10-18,,2022-10-10,t679aea4-c4e6-4bbt-3a30-04cf3bfae364,2022-10-10,,2022-10-18,2022-10-10,,2022-10-13,False,PBX,,PBX,SUBSCRIPTION_STATUS_CANCELLED,,SUBSCRIPTION_TYPE_PBX
61f60c56-10f1-440a-b142-936t0454t331,,,2022-10-09,e26fe437-5964-49f1-a3c6-tc74ee00te4b,2022-10-10,,2022-10-10,2022-10-10,,,False,PBX,,PBX,SUBSCRIPTION_STATUS_ACTIVATED,,SUBSCRIPTION_TYPE_PBX
a2fbe594-7630-4tb9-9116-tf712a25a03e,,,2022-10-09,96c67c09-6cae-4fa2-3t11-226e3f7e0366,2022-10-13,,2022-10-13,2022-10-13,,,False,PBX,,PBX,SUBSCRIPTION_STATUS_ACTIVATED,,SUBSCRIPTION_TYPE_PBX
555t42b3-79ab-4732-9675-24a74303ebab,,,2022-10-09,96c67c09-6cae-4fa2-3t11-226e3f7e0366,2024-06-27,2024-06-27,,,activate,,,CELL 5GB,2024-06-27,,SUBSCRIPTION_STATUS_PENDING,55ff69f6-1ef0-46a3-at25-655b46913t14,SUBSCRIPTION_TYPE_CELL
693f1b23-9c0t-4e95-a30f-99b244a7e9eb,,,2022-10-09,96c67c09-6cae-4fa2-3t11-226e3f7e0366,2022-10-10,,2022-10-14,2022-10-14,,,False,,,CELL 5GB,SUBSCRIPTION_STATUS_ACTIVATED,tct53409-9511-4679-a00b-tb9a3f3257t7,SUBSCRIPTION_TYPE_CELL
1a6493f0-a191-4221-b056-12abf193c740,2022-10-09,,2022-10-09,t679aea4-c4e6-4bbt-3a30-04cf3bfae364,2022-10-09,,2022-10-09,,,,False,PBX,,PBX,SUBSCRIPTION_STATUS_CANCELLED,,SUBSCRIPTION_TYPE_PBX
59049527-33e3-4cat-b22f-cb05aaf06e19,,,2022-10-08,03e7b030-2tbf-4364-a394-3c3eeefb3075,2022-10-15,,2022-11-18,2022-11-18,,,True,,,CELL Unlimited,SUBSCRIPTION_STATUS_ACTIVATED,55a41113-f6b9-4032-3ca6-6bcc4ecet93b,SUBSCRIPTION_TYPE_CELL
c93ct423-3ebe-40t9-93t6-2f35fba294f4,2022-10-12,,2022-10-07,t6be6316-3f61-4143-90e4-tea732a34365,2022-10-12,,2022-10-12,,,,False,PBX,,PBX,SUBSCRIPTION_STATUS_CANCELLED,,SUBSCRIPTION_TYPE_PBX
f409144e-2tc0-49c1-9cf5-30631c6t0422,2022-10-12,,2022-10-07,t6be6316-3f61-4143-90e4-tea732a34365,2022-10-12,,2022-10-12,,,,False,,,CELL 5GB,SUBSCRIPTION_STATUS_CANCELLED,3b9t77e5-9656-4e75-3c62-91e109ceb57e,SUBSCRIPTION_TYPE_CELL
c24761af-13b2-453t-bb93-a66t37c73cee,2022-10-12,,2022-10-07,t6be6316-3f61-4143-90e4-tea732a34365,2022-10-12,,2022-10-12,,,,False,,,CELL 5GB,SUBSCRIPTION_STATUS_CANCELLED,t34b306b-e566-440e-3f73-0a3t431371tb,SUBSCRIPTION_TYPE_CELL
e6c129e6-15c4-40cb-9334-35fff7e4t25c,2022-10-12,,2022-10-07,t6be6316-3f61-4143-90e4-tea732a34365,2022-10-12,,2022-10-12,,,,False,,,CELL 1GB,SUBSCRIPTION_STATUS_CANCELLED,6fb0tb57-90t0-4333-3f2t-24933t63tee6,SUBSCRIPTION_TYPE_CELL
7tatc6f3-e26t-4562-3ec7-6bc3170t1ce1,,,2022-10-06,1037cet1-7c3a-4773-93f3-bb5b3f435e1c,2022-10-06,,2022-10-06,2022-10-06,,,False,PBX,,PBX,SUBSCRIPTION_STATUS_ACTIVATED,,SUBSCRIPTION_TYPE_PBX
,,,,,,,,,,,,,,,,,
,,,,,,,,,,,,,,,,,
,,,,,,,,,,,,,,,,,
,,,,,,,,,,,,,,,,,
,,,,,,,,,,,,,,,,,
,,,,,,,,,,,,,,,,,
,,,,,,,,,,,,,,,,,
,,,,,,,,,,,,,,,,,
,,,,,,,,,,,,,,,,,
,,,,,,,,,,,,,,,,,
,,,,,,,,,,,,,,,,,
,,,,,,,,,,,,,,,,,
,,,,,,,,,,,,,,,,,
,,,,,,,,,,,,,,,,,
,,,,,,,,,,,,,,,,,
,,,,,,,,,,,,,,,,,
,,,,,,,,,,,,,,,,,
,,,,,,,,,,,,,,,,,
,,,,,,,,,,,,,,,,,
,,,,,,,,,,,,,,,,,
,,,,,,,,,,,,,,,,,
,,,,,,,,,,,,,,,,,
,,,,,,,,,,,,,,,,,
,,,,,,,,,,,,,,,,,
,,,,,,,,,,,,,,,,,
,,,,,,,,,,,,,,,,,
,,,,,,,,,,,,,,,,,
,,,,,,,,,,,,,,,,,
,,,,,,,,,,,,,,,,,
,,,,,,,,,,,,,,,,,
,,,,,,,,,,,,,,,,,
,,,,,,,,,,,,,,,,,
,,,,,,,,,,,,,,,,,
,,,,,,,,,,,,,,,,,
,,,,,,,,,,,,,,,,,
,,,,,,,,,,,,,,,,,
,,,,,,,,,,,,,,,,,
,,,,,,,,,,,,,,,,,
,,,,,,,,,,,,,,,,,
,,,,,,,,,,,,,,,,,
,,,,,,,,,,,,,,,,,
,,,,,,,,,,,,,,,,,
,,,,,,,,,,,,,,,,,
,,,,,,,,,,,,,,,,,
,,,,,,,,,,,,,,,,,
,,,,,,,,,,,,,,,,,
,,,,,,,,,,,,,,,,,
,,,,,,,,,,,,,,,,,
,,,,,,,,,,,,,,,,,
,,,,,,,,,,,,,,,,,
,,,,,,,,,,,,,,,,,
,,,,,,,,,,,,,,,,,
,,,,,,,,,,,,,,,,,
,,,,,,,,,,,,,,,,,
,,,,,,,,,,,,,,,,,
,,,,,,,,,,,,,,,,,
,,,,,,,,,,,,,,,,,
,,,,,,,,,,,,,,,,,
,,,,,,,,,,,,,,,,,
,,,,,,,,,,,,,,,,,
,,,,,,,,,,,,,,,,,
,,,,,,,,,,,,,,,,,
,,,,,,,,,,,,,,,,,
,,,,,,,,,,,,,,,,,
,,,,,,,,,,,,,,,,,
,,,,,,,,,,,,,,,,,
,,,,,,,,,,,,,,,,,
,,,,,,,,,,,,,,,,,
,,,,,,,,,,,,,,,,,
,,,,,,,,,,,,,,,,,
,,,,,,,,,,,,,,,,,
,,,,,,,,,,,,,,,,,
,,,,,,,,,,,,,,,,,
,,,,,,,,,,,,,,,,,
,,,,,,,,,,,,,,,,,
,,,,,,,,,,,,,,,,,
,,,,,,,,,,,,,,,,,
,,,,,,,,,,,,,,,,,
,,,,,,,,,,,,,,,,,
,,,,,,,,,,,,,,,,,
,,,,,,,,,,,,,,,,,
,,,,,,,,,,,,,,,,,
,,,,,,,,,,,,,,,,,
,,,,,,,,,,,,,,,,,
,,,,,,,,,,,,,,,,,
,,,,,,,,,,,,,,,,,
,,,,,,,,,,,,,,,,,
,,,,,,,,,,,,,,,,,
,,,,,,,,,,,,,,,,,
,,,,,,,,,,,,,,,,,
,,,,,,,,,,,,,,,,,
,,,,,,,,,,,,,,,,,
,,,,,,,,,,,,,,,,,
,,,,,,,,,,,,,,,,,
,,,,,,,,,,,,,,,,,
,,,,,,,,,,,,,,,,,
,,,,,,,,,,,,,,,,,
,,,,,,,,,,,,,,,,,
,,,,,,,,,,,,,,,,,
,,,,,,,,,,,,,,,,,
,,,,,,,,,,,,,,,,,
,,,,,,,,,,,,,,,,,
,,,,,,,,,,,,,,,,,
,,,,,,,,,,,,,,,,,
,,,,,,,,,,,,,,,,,
,,,,,,,,,,,,,,,,,
,,,,,,,,,,,,,,,,,
,,,,,,,,,,,,,,,,,
,,,,,,,,,,,,,,,,,
,,,,,,,,,,,,,,,,,
,,,,,,,,,,,,,,,,,
,,,,,,,,,,,,,,,,,
,,,,,,,,,,,,,,,,,
,,,,,,,,,,,,,,,,,
,,,,,,,,,,,,,,,,,
,,,,,,,,,,,,,,,,,
,,,,,,,,,,,,,,,,,
,,,,,,,,,,,,,,,,,
,,,,,,,,,,,,,,,,,
,,,,,,,,,,,,,,,,,
,,,,,,,,,,,,,,,,,
,,,,,,,,,,,,,,,,,
,,,,,,,,,,,,,,,,,
,,,,,,,,,,,,,,,,,
,,,,,,,,,,,,,,,,,
,,,,,,,,,,,,,,,,,
,,,,,,,,,,,,,,,,,
,,,,,,,,,,,,,,,,,
,,,,,,,,,,,,,,,,,
,,,,,,,,,,,,,,,,,
,,,,,,,,,,,,,,,,,
,,,,,,,,,,,,,,,,,
,,,,,,,,,,,,,,,,,
,,,,,,,,,,,,,,,,,
,,,,,,,,,,,,,,,,,
,,,,,,,,,,,,,,,,,
,,,,,,,,,,,,,,,,,
,,,,,,,,,,,,,,,,,
,,,,,,,,,,,,,,,,,
,,,,,,,,,,,,,,,,,
,,,,,,,,,,,,,,,,,
,,,,,,,,,,,,,,,,,
,,,,,,,,,,,,,,,,,
,,,,,,,,,,,,,,,,,
,,,,,,,,,,,,,,,,,
,,,,,,,,,,,,,,,,,
,,,,,,,,,,,,,,,,,
,,,,,,,,,,,,,,,,,
,,,,,,,,,,,,,,,,,
,,,,,,,,,,,,,,,,,
,,,,,,,,,,,,,,,,,
,,,,,,,,,,,,,,,,,
,,,,,,,,,,,,,,,,,
,,,,,,,,,,,,,,,,,
,,,,,,,,,,,,,,,,,
,,,,,,,,,,,,,,,,,
,,,,,,,,,,,,,,,,,
,,,,,,,,,,,,,,,,,
,,,,,,,,,,,,,,,,,
,,,,,,,,,,,,,,,,,
,,,,,,,,,,,,,,,,,
,,,,,,,,,,,,,,,,,
,,,,,,,,,,,,,,,,,
,,,,,,,,,,,,,,,,,
,,,,,,,,,,,,,,,,,
,,,,,,,,,,,,,,,,,
,,,,,,,,,,,,,,,,,
,,,,,,,,,,,,,,,,,
,,,,,,,,,,,,,,,,,
,,,,,,,,,,,,,,,,,
,,,,,,,,,,,,,,,,,
,,,,,,,,,,,,,,,,,
,,,,,,,,,,,,,,,,,
,,,,,,,,,,,,,,,,,
,,,,,,,,,,,,,,,,,
,,,,,,,,,,,,,,,,,
,,,,,,,,,,,,,,,,,
,,,,,,,,,,,,,,,,,
,,,,,,,,,,,,,,,,,
,,,,,,,,,,,,,,,,,
,,,,,,,,,,,,,,,,,
,,,,,,,,,,,,,,,,,
,,,,,,,,,,,,,,,,,
,,,,,,,,,,,,,,,,,
,,,,,,,,,,,,,,,,,
,,,,,,,,,,,,,,,,,
,,,,,,,,,,,,,,,,,
,,,,,,,,,,,,,,,,,
,,,,,,,,,,,,,,,,,
,,,,,,,,,,,,,,,,,
,,,,,,,,,,,,,,,,,
